Dist_Name,Percent_Flooded_Area,Parmanent_Water,Corrected_Percent_Flooded_Area,Human_fatality,Human_injured,Population,Mean_Flood_Duration,Total_Casualties,Flooded_Population_Proxy,Hazard_Exposure_Product,Duration_Weighted_Inundation,Infrastructure_Risk_Score,Risk_Level
Adilabad,1.209758847,0.22104424,0.988714607,174,0,802880,8.0,174,9712.9118307936,16.447835056114446,9.678070776,24.47,Moderate
Agar Malwa,0.53688887,0.338892414,0.197996456,2,0,702666,6.0,2,3772.5355472741994,7.227940704027955,3.22133322,21.98,Low
Agra,4.133356464,0.10192976,4.031426704,133,32,5296620,20.0,165,218928.1851435168,63.995020584924596,82.66712928000001,42.58,Critical
Ahmadabad,4.222292965,0.122458085,4.09983488,177,23,8738876,12.0,200,368980.9465680734,67.48614242333626,50.66751558,39.98,Critical
Ahmadnagar,0.691347983,0.697616588,0.006268605,50,18,5113145,4.0,68,35349.624825365354,10.67947727761298,2.765391932,29.01,High
Aizawl,2.162077627,0.096288881,2.065788746,154,42,483635,2.0,196,10456.564131341449,28.29962396943604,4.324155254,20.05,Low
Ajmer,0.260510002,0.05695381,0.203556192,135,23,2985855,4.0,158,7778.450920217101,3.8840470503302624,1.042040008,26.13,Moderate
Akola,0.880057177,0.274621796,0.605435381,106,14,2032614,4.0,120,17888.16538770678,12.782684141861402,3.520228708,25.43,Moderate
Alappuzha,21.06652893,8.660110439,12.40641849,170,70,2167462,5.0,240,456609.0092767566,307.3410213380294,105.33264465,53.83,Critical
Aligarh,1.93292949,0.006094499,1.926834991,97,22,4376425,24.0,119,84593.2094327325,29.55786093542563,46.39030776,41.44,Critical
Alipurduar,4.056971682,0.017650059,4.039321623,19,0,1381430,5.0,19,56044.22390665261,57.36002346496463,20.284858410000002,28.29,Moderate
Alirajpur,0.872416618,0.738663983,0.133752635,7,0,917115,5.0,7,8001.063666170699,11.977398363668579,4.3620830900000005,23.0,Low
"Almora
",0.649027255,0.000454012,0.648573243,0,0,618943,7.0,0,4017.1087629146505,8.655278247734241,4.543190785,22.09,Low
Alwar,0.348076896,0.005601607,0.342475289,102,15,4491235,14.0,117,15632.9513800656,5.331716063211103,4.873076544,33.72,High
Ambala,4.251029067,0.0,4.251029067,36,11,1296203,5.0,47,55101.966297326006,59.833023908525284,21.255145335,28.27,Moderate
Ambedkar Nagar,3.80490503,0.342207082,3.462697948,44,0,2918048,22.0,44,111028.95512981439,56.64143640608306,83.70791066,41.06,Critical
Amethi,2.870234132,0.0,2.870234132,49,6,3139220,21.0,55,90102.9639185704,42.937225127066164,60.274916772000005,39.5,Critical
Amravati,1.132570579,0.452234552,0.680336027,430,34,3195039,5.0,464,36186.071701575805,16.962634331634806,5.662852895,28.19,Moderate
Amreli,0.551647653,0.455725673,0.09592198,224,10,1650731,18.0,234,9106.21881884343,7.897790163244095,9.929657753999999,32.5,High
Amritsar,2.592469047,0.034259992,2.558209055,117,21,2748187,7.0,138,71245.89732867788,38.43711877702249,18.147283328999997,30.41,High
Amroha,3.77465624,0.02670143,3.74795481,54,3,2208108,24.0,57,83348.4864079392,55.138846093162385,90.59174976,40.99,Critical
Anand,5.640448142,0.236729361,5.403718781,42,1,2767476,22.0,43,156098.04862229593,83.66728649932361,124.08985912400001,43.06,Critical
Anantapur,0.698641838,0.216018195,0.482623643,118,1,4537583,10.0,119,31701.45327197554,10.708715910369394,6.98641838,31.91,High
Anantnag,0.462302357,0.159500867,0.30280149,81,44,1290100,4.0,125,5964.162707657,6.5047009862001275,1.849209428,23.07,Low
Anjaw,1.599292296,0.251543379,1.347748917,5,1,24066,5.0,6,384.88568395536,16.134615278080858,7.99646148,9.24,Low
Anugul,1.964959616,1.692681852,0.272277764,24,0,1393181,34.0,24,27375.44402778496,27.79848194705283,66.808626944,43.38,Critical
Anuppur,0.69532992,0.16785608,0.52747384,2,0,902339,9.0,2,6274.2330468288,9.534883043747588,6.25796928,24.88,Moderate
Araria,6.399493143,0.0,6.399493143,162,0,3634320,23.0,162,232578.0591946776,96.67031373349094,147.188342289,45.59,Critical
Aravalli,1.017301706,0.334042991,0.683258715,39,1,1276998,24.0,40,12990.922439585882,14.303285742317223,24.415240944,35.53,High
Ariyalur,2.450977499,0.08746038,2.363517119,23,4,772923,7.0,27,18944.16881459577,33.230196079900146,17.156842493,25.21,Moderate
Arwal,22.2718737,0.595563792,21.67630991,85,0,591972,27.0,85,131843.256179364,296.02029085805896,601.3405899,60.36,Critical
Ashoknagar,1.106305566,0.886532248,0.219773318,6,4,1071470,6.0,10,11853.732248020202,15.360547233980984,6.637833396,24.54,Moderate
Auraiya,6.808487542,0.145826885,6.662660657,46,1,1619128,24.0,47,110238.12816903375,97.34366235016267,163.40370100799998,43.51,Critical
Aurangabad,1.7501334069999999,0.48206176500000003,1.281443928,301,46,3160597,13.0,347,55314.66395763979,26.19297226971308,22.751734290999998,33.62,High
Azamgarh,6.067454778,0.055490347,6.011964431,257,11,5177742,20.0,268,314157.15437151276,93.80212159014629,121.34909556,44.84,Critical
Badgam,3.988476641,0.182326085,3.806150556,51,11,992328,6.0,62,39578.77048210248,55.0721275865769,23.930859846,27.53,Moderate
Bagalkote,1.462562203,1.460163536,0.002398667,67,4,2065589,14.0,71,30210.52398332567,21.267009433860565,20.475870842,32.49,High
Bageshwar,0.57268385,0.001914048,0.570769802,40,13,256564,2.0,53,1469.3005929140002,7.132855994297381,1.1453677,15.55,Low
Baghpat,4.30209073,0.0,4.30209073,58,0,1340897,26.0,58,57686.605535848095,60.697553212106406,111.85435898,40.82,Critical
Bahraich,4.089125081,0.40923834,3.679886741,225,32,4156731,15.0,257,169973.9298707021,62.31924658822248,61.336876215,38.72,Critical
Baksa,3.829965692,0.097900998,3.732064694,51,1,1258285,7.0,52,48191.8838075822,53.79286790074961,26.809759844,28.84,High
Balaghat,1.159502036,0.086946009,1.072556027,118,108,1884118,6.0,226,21846.38657064248,16.753611171559516,6.957012215999999,26.58,Moderate
Balangir,1.245116533,0.149789566,1.095326967,25,0,2028038,32.0,25,25251.43643352254,18.08230430327602,39.843729056,42.3,Critical
Baleshwar,12.64357177,3.878298705,8.765273065,220,5,2513933,16.0,225,317850.92310471414,186.33286146136487,202.29714832,48.96,Critical
Ballari,1.132672375,0.584051989,0.548620386,147,30,2961339,8.0,177,33542.26878310125,16.87812370923325,9.061379,29.69,High
Ballia,14.2259764,0.925904877,13.30007152,312,13,3696633,18.0,325,525882.1381746121,215.13849128323406,256.0675752,52.61,Critical
Balod,0.692282824,0.717205888,0.024923064,0,0,961306,3.0,0,6654.95632408144,9.536922171626111,2.076848472,21.78,Low
Baloda Bazar,3.669338228,0.368934666,3.300403562,0,0,1681629,2.0,0,61704.655750134116,52.60096933406505,7.338676456,26.95,Moderate
Balrampur,2.5498756809999996,0.0410944335,2.5087812475,58,26,853775,20.0,84,21770.201095457745,34.82473368806051,50.99751361999999,33.36,High
Bametara,2.704068243,0.320047689,2.384020554,3,0,909116,2.0,3,24583.11704803188,37.10043573582385,5.408136486,23.3,Low
Banas Kantha,0.684661264,0.116877662,0.567783602,109,2,3729629,18.0,111,25535.32505391056,10.360170727786715,12.323902752,35.79,High
Banda,6.835722082,0.522039626,6.313682456,87,4,2069729,22.0,91,141480.9222905578,99.4114190015965,150.385885804,43.47,Critical
Bandipore,2.552861234,0.616409408,1.936451826,30,4,378179,7.0,34,9654.38508612886,32.78671734441968,17.870028638,22.67,Low
Bangalore,0.342520348,0.227953363,0.114566985,75,37,13403998,6.0,112,45911.42059551304,5.621123233556115,2.055122088,33.44,High
Banka,2.03422427,0.348262775,1.685961495,120,0,2787874,26.0,120,56711.609525019805,30.189495641026912,52.88983102,41.07,Critical
Bankura,1.837666654,0.435897763,1.401768891,203,26,3957405,35.0,229,72723.9120487287,27.91617665444932,64.31833289,47.54,Critical
Banswara,0.908342871,0.925230196,0.016887325,72,8,2229890,17.0,80,20255.0468461419,13.27766854733923,15.441828807,33.7,High
Bara Banki,3.016814521,0.151297728,2.865516793,202,10,3807867,13.0,212,114876.28459636707,45.71252340607063,39.218588773,35.8,High
Baramula,1.128824654,0.217682121,0.911142533,75,39,1224436,5.0,114,13821.735440451439,15.823854635583977,5.64412327,24.29,Moderate
Baran,2.698445577,0.273336329,2.425109248,43,4,1450001,19.0,47,39127.487850955775,38.28305111655646,51.27046596300001,35.14,High
Bareilly,4.170101962,0.0,4.170101962,85,7,5352228,19.0,92,223193.36483871337,64.60748839364516,79.231937278,42.04,Critical
Bargarh,1.309118184,1.345216816,0.036098632,139,0,1562701,24.0,139,20457.602952549838,18.67054788587047,31.418836415999998,37.04,High
Barmer,0.88895207,0.014956261,0.873995809,85,8,3345308,20.0,93,29738.184713875602,13.354788839973024,17.7790414,36.75,High
Barnala,1.6671773,0.0,1.6671773,6,0,684088,7.0,6,11404.959848024,22.399932964618486,11.6702411,23.73,Moderate
Barpeta,13.96647843,3.478605956,10.48787247,159,5,1877307,9.0,164,262193.6772198801,201.75066072152063,125.69830587,45.16,Critical
Barwani,0.86377453,0.58771354,0.27606099,7,10,1771460,6.0,17,15301.420289138001,12.427396414307266,5.18264718,26.14,Moderate
Bastar,1.887109361,0.254405482,1.632703879,9,38,948753,4.0,47,17904.00667576833,25.972106527463644,7.548437444,23.63,Moderate
Basti,4.958766648,0.322726847,4.636039801,188,14,2718480,19.0,202,134803.0795725504,73.46702294897703,94.216566312,40.42,Critical
Bathinda,4.083232034,0.018454025,4.064778009,24,5,1697487,7.0,29,69312.33295698559,58.57257551127788,28.582624238,30.32,High
Baudh,2.608651472,0.899336006,1.709315466,30,0,520532,32.0,30,13578.86568023104,34.33665821002216,83.476847104,38.81,Critical
Begusarai,21.87259266,1.072873296,20.79971936,126,10,3830215,22.0,136,837767.3249522189,331.55420317287667,481.19703852,64.52,Critical
Belagavi,1.274110942,0.55806105,0.716049892,63,2,5439561,6.0,65,69306.04189776462,19.760453017203258,7.6446656520000005,31.1,High
Bengaluru Rural,0.192307509,0.071765205,0.120542304,164,135,1355031,4.0,299,2605.82636227779,2.7152542634043306,0.769230036,22.91,Low
Betul,0.659609051,0.086627039,0.572982012,26,2,1776782,6.0,28,11719.81488853882,9.491982010025263,3.9576543060000002,25.74,Moderate
Bhadohi,12.0892717,1.079228201,11.0100435,36,0,1805095,30.0,36,218222.838993115,174.1595512168659,362.67815099999996,54.25,Critical
Bhadradri Kothagudem,1.367448139,0.625093908,0.742354231,2,0,1149137,8.0,2,15713.85252106043,19.08208603392437,10.939585112,26.23,Moderate
Bhadrak,10.96625941,2.562091316,8.404168094,68,0,1613470,23.0,68,176937.305702527,156.75059692397613,252.22396643,48.81,Critical
Bhagalpur,16.20260487,2.47274559,13.72985928,161,12,3509828,20.0,173,568683.5624566235,244.19071979479412,324.0520974,56.52,Critical
Bhandara,2.564278476,0.742932408,1.821346068,91,26,1132270,5.0,117,29034.555900205203,35.74536475100138,12.82139238,25.91,Moderate
Bharatpur,2.342300583,0.003684995,2.338615588,98,252,2952552,5.0,350,69157.64270937815,34.89601752143728,11.711502915,29.2,High
Bharuch,3.432850261,1.612396534,1.820453727,233,56,1704669,14.0,289,58518.73421568609,49.25756366746627,48.059903654,34.19,High
Bhavnagar,1.164791431,1.145481372,0.019310059,225,6,2765060,14.0,231,32207.1819420086,17.27685422614637,16.307080034000002,33.18,High
Bhilwara,0.795160097,0.045229947,0.74993015,85,4,2821404,20.0,89,22434.67878316188,11.810310588907342,15.90320194,35.96,High
Bhind,2.808721208,0.119319241,2.689401967,25,0,1937516,6.0,25,54419.42280039328,40.661626091679125,16.852327248,28.73,High
Bhiwani,2.188213606,0.000980524,2.187233082,31,6,1296415,5.0,37,28368.3294202249,30.799356162211186,10.94106803,25.74,Moderate
Bhojpur,6.197224303,0.810391565,5.386832738,119,0,3338604,21.0,119,206900.7784689301,93.08890047961593,130.141710363,44.1,Critical
Bhopal,0.626374883,0.626869321,0.000494438,64,13,2938719,4.0,77,18407.39769794877,9.328904717860517,2.505499532,26.7,Moderate
Bid,0.847814579,0.573485427,0.274329152,242,15,3032850,4.0,257,25712.944459201502,12.653644172032342,3.391258316,27.08,Moderate
Bidar,1.344650341,0.577171919,0.767478422,89,7,1848763,8.0,96,24859.39798378183,19.403341890202878,10.757202728,28.08,Moderate
Bijapur,2.067319021,0.119061839,1.948257182,85,20,275997,9.0,105,5705.738478389369,25.89968051536797,18.605871189,21.83,Low
Bijnor,3.55139876,0.063788983,3.487609777,56,0,4311589,24.0,56,153121.71828229638,54.254070028617726,85.23357024,43.39,Critical
Bikaner,0.693208661,0.008307225,0.684901436,61,23,3124233,14.0,84,21657.45374582013,10.36672734852858,9.704921254,32.7,High
Bilaspur,3.7902931215000004,2.3207039345,1.469589187,111,9,2180689,5.0,120,82654.50516830715,55.319903847930675,18.9514656075,30.55,High
Birbhum,4.557102699,0.073826304,4.483276395,186,1,4082552,31.0,187,186046.08738007848,69.36927948094369,141.27018366899998,48.52,Critical
Bishnupur,3.487839839,3.486841412,0.000998427,1,0,299943,6.0,1,10461.53144829177,43.98637268398226,20.927039034,23.27,Low
Biswanath,5.175865068,2.020191719,3.155673349,56,1,666698,10.0,57,34507.388891054645,69.40883682757112,51.75865068,30.38,High
Bokaro,1.369848729,1.347818433,0.022030296,12,1,2426002,2.0,13,33232.55756251458,20.139181229699563,2.739697458,25.92,Moderate
Bongaigaon,11.75738514,3.469432123,8.287953017,79,1,803266,11.0,80,94443.0773186724,159.85861031003702,129.33123654,40.26,Critical
Botad,0.962947549,0.085839662,0.877107887,38,1,737921,17.0,39,7105.792183056291,13.010955754297438,16.370108333,29.08,High
Budaun,3.899941243,0.043402472,3.856538771,90,4,3653296,23.0,94,142476.39743286927,58.93256047620475,89.698648589,42.56,Critical
Bulandshahr,4.647089954,0.043817515,4.603272439,142,1,4116049,24.0,143,191276.49958071744,70.77705985687793,111.530158896,44.54,Critical
Buldana,0.570331597,0.427298223,0.143033374,92,7,2939030,3.0,99,16762.2167353091,8.494285251022715,1.710994791,25.98,Moderate
Bundi,2.12987866,0.138460405,1.991418255,137,4,1323567,17.0,141,28190.3710838022,30.02243238524108,36.207937220000005,32.86,High
Burhanpur,0.821960718,0.136420671,0.685540047,15,10,917654,6.0,25,7542.75540715572,11.285172789546047,4.931764308,23.33,Low
Buxar,5.8158623,0.526160857,5.289701443,89,0,2014287,25.0,89,117148.158246801,84.42175637711098,145.3965575,43.88,Critical
Cachar,9.573358688,0.339758463,9.233600225,194,33,2105643,8.0,227,201580.75707876385,139.38936538174286,76.586869504,38.59,Critical
Central,7.250541685,0.0,7.250541685,5,13,1667718,3.0,18,120918.5887782483,103.87827422631491,21.751625054999998,31.77,High
Chamarajanagara,2.083532915,0.145853665,1.93767925,20,1,1089392,9.0,21,22697.8408933768,28.963464449178186,18.751796235,27.32,Moderate
Chamba,0.400300346,0.191863584,0.208436762,125,13,586226,5.0,138,2346.66470634196,5.316573980321101,2.0015017299999998,20.46,Low
Chamoli,1.044647093,0.05612071,0.988526383,1546,75,426828,4.0,1621,4458.84629411004,13.542949851769016,4.178588372,19.35,Low
Champawat,1.472908997,0.256522301,1.216386696,26,14,293584,2.0,40,4324.225149752479,18.54381009895133,2.945817994,17.28,Low
Champhai,0.919185436,0.0,0.919185436,9,8,136805,3.0,17,1257.4916357198,10.870580317602988,2.757556308,14.06,Low
Chandauli,8.940225734,1.049386239,7.890839495,40,1,2179069,28.0,41,194813.68749961647,130.47730857411582,250.326320552,49.96,Critical
Chandel,0.632996,0.002124825,0.630871175,0,0,125173,7.0,0,792.34008308,7.4297652607657225,4.430972,15.71,Low
Chandigarh,0.001739235,0.000745464,0.000993771,17,13,897511,2.0,30,15.609825440849999,0.02384035813227414,0.00347847,19.83,Low
Chandrapur,1.760192182,0.535308039,1.224884143,114,20,2348545,5.0,134,41338.9054807519,25.82079944611322,8.80096091,27.76,Moderate
Changlang,2.538486995,0.021259348,2.517227647,4,1,183018,5.0,5,4645.8881285091,30.759723335037258,12.692434975,18.39,Low
Charaideo,16.05397104,0.010879162,16.04309188,50,1,496227,18.0,51,79664.1388726608,210.5444713377584,288.97147872,46.55,Critical
Charki Dadri,0.854921696,0.002355435,0.852566261,2,0,545880,7.0,2,4666.8465541248,11.293649213250346,5.984451872,21.84,Low
Chatra,0.37639693,0.036811514,0.339585416,8,3,1313082,2.0,11,4942.4003363826005,5.30263793088191,0.75279386,21.82,Low
Chengalpattu,4.817890104,2.065380723,2.752509381,36,4,3240797,10.0,40,156138.03795372887,72.22658119349522,48.17890104,36.24,High
Chennai,4.645634657,1.072848464,3.572786193,238,21,5558758,8.0,259,258239.58814676004,72.1508196533789,37.165077256,36.67,High
Chhatarpur,1.27766675,0.251215844,1.026450906,12,0,2100270,6.0,12,26834.451450225,18.59973201934318,7.666000500000001,27.22,Moderate
Chhindwara,0.626598635,0.382961008,0.243637627,33,6,2383077,5.0,39,14932.327952998949,9.200913881673955,3.132993175,26.38,Moderate
Chikkaballapura,0.292140809,0.110670649,0.18147016,34,7,1326139,7.0,41,3874.19320306451,4.1185377379857115,2.044985663,24.72,Moderate
Chikkamagaluru,1.355001002,0.868566012,0.48643499,40,6,1168539,7.0,46,15833.71515876078,18.931078974329843,9.485007014,25.77,Moderate
Chirang,2.875769392,0.021873585,2.853895807,56,1,616102,9.0,57,17717.67273949984,38.33736902456428,25.881924528,25.98,Moderate
Chitradurga,0.426895091,0.23997582,0.186919271,99,3,1798153,9.0,102,7676.226885669231,6.1482588493732875,3.842055819,27.32,Moderate
Chitrakoot,2.917583682,0.454897641,2.462686041,41,3,1269815,24.0,44,37047.915231588304,41.004837235288726,70.022008368,37.88,Critical
Chittaurgarh,1.068551638,1.101782041,0.033230403,4,0,1838803,10.0,4,19648.55957609314,15.413457652476433,10.68551638,29.07,High
Chittoor,0.573483172,0.068957975,0.504525197,124,0,4580686,8.0,124,26269.46337215992,8.795717601880176,4.587865376,30.57,High
Chota Udaipur,0.859683354,0.747200646,0.112482708,22,0,1206205,16.0,22,10369.5436001157,12.038137799770661,13.754933664,30.55,High
Churachandpur,1.167264968,0.2279733,0.939291668,0,0,257051,7.0,0,3000.46627289368,14.540659017573237,8.170854776,19.31,Low
Churu,0.776519408,0.00062635,0.775893058,43,14,2206492,25.0,57,17133.838615967357,11.34255293822021,19.412985199999998,37.89,Critical
Coimbatore,0.519629022,0.20279264,0.316836382,142,24,4180340,5.0,166,21722.2598582748,7.922213862918732,2.5981451100000004,28.42,High
Cooch Behar,7.872524259,0.371070198,7.501454061,337,3,3286533,8.0,340,258733.1077050405,118.12993522133945,62.980194072,38.29,Critical
Cuddalore,6.561569456,0.689771711,5.871797745,63,10,2998319,4.0,73,196736.78369744463,97.8563774253611,26.246277824,34.08,High
Cuttack,13.14840204,1.638891263,11.50951078,285,2,2887779,16.0,287,379696.7929466916,195.59561032360293,210.37443264,49.37,Critical
Dadra & Nagar Haveli,3.614704922,0.645537217,2.969167705,10,0,618459,1.0,10,22355.46791355198,48.202046021475006,3.614704922,22.41,Low
Dakshin Bastar Dantewada,1.73160173,0.05840241,1.67319932,0,0,332104,7.0,0,5750.7186093992,22.014210305104587,12.12121211,20.96,Low
Dakshin Dinajpur,3.854366613,0.005980479,3.848386134,190,3,1838248,24.0,193,70852.81717614025,55.596633018237036,92.504798712,40.35,Critical
Dakshina Kannada,1.44861205,0.422123179,1.026488871,117,41,2388502,8.0,158,34600.127786491,21.274573503475512,11.5888964,29.17,High
Daman,2.853534384,1.308995942,1.544538442,0,0,190125,7.0,0,5425.28224758,34.68597252508922,19.974740688,20.54,Low
Damoh,1.37672163,0.183081246,1.193640384,26,0,1437365,6.0,26,19788.5148570495,19.519603717069995,8.26032978,25.81,Moderate
Darbhanga,10.08119281,0.024744941,10.05644787,207,9,4562640,18.0,216,459968.53562618396,154.5790846268729,181.46147058,48.07,Critical
Darjiling,2.014600116,0.096238867,1.918361249,548,63,1849559,11.0,611,37261.21775948844,29.071603027422256,22.160601276,30.5,High
Darrang,15.62408864,3.822695958,11.80139268,150,3,1126535,9.0,153,176010.826960624,217.71633169343207,140.61679776,45.28,Critical
Datia,2.46515688,0.299925165,2.165231715,9,0,955153,6.0,9,23546.019894026398,33.94429286153123,14.790941279999998,25.55,Moderate
Dausa,0.503371084,0.004574126,0.498796958,17,3,2162212,30.0,20,10883.949982778078,7.342494194239317,15.101132519999998,40.42,Critical
Davanagere,0.757147753,0.419899366,0.337248387,57,6,2110205,11.0,63,15977.369741193652,11.02580979412123,8.328625283000001,29.59,High
Debagarh,2.166747854,2.19247626,0.025728406,36,0,351390,32.0,36,7613.7352841706,27.66862222645662,69.335931328,37.14,High
Dehradun,1.565549733,0.084799737,1.480749996,232,17,2132260,6.0,249,33381.5907368658,22.81427638206735,9.393298398,27.57,Moderate
Deoghar,0.900022929,0.088257849,0.81176508,3,0,1878226,4.0,3,16904.46465843954,13.00158615288163,3.600091716,25.08,Moderate
Deoria,7.998150162,0.303328624,7.694821538,211,11,3288259,19.0,222,262999.8925354796,120.01919443276361,151.964853078,44.9,Critical
Devbhumi Dwarka,0.632384691,0.65675835,0.024373659,59,2,898223,20.0,61,5680.224743040931,8.668839859388113,12.64769382,31.42,High
Dewas,1.037523564,0.405980697,0.631542867,17,18,1839994,5.0,35,19090.371326186163,14.966561082289989,5.18761782,25.86,Moderate
Dhalai,1.167627679,0.830802532,0.336825147,12,1,436885,4.0,13,5101.19018539915,15.164479910300317,4.670510716,19.85,Low
Dhamtari,1.523869436,1.570806706,0.04693727,13,1,897907,1.0,14,13682.930336704521,20.888932339444466,1.523869436,21.64,Low
Dhanbad,1.331577575,1.123698027,0.207879548,1,1,3014375,1.0,2,40138.74152640625,19.86567721309393,1.331577575,26.07,Moderate
Dhar,0.815779757,0.487835201,0.327944556,14,0,2722423,5.0,14,22208.97573391211,12.087435757943714,4.078898785,27.17,Moderate
Dharmapuri,0.764553583,0.519672081,0.244881502,28,4,1771524,6.0,32,13544.250215704918,10.99990099816231,4.587321498,26.0,Moderate
Dharwad,0.419364228,0.136242811,0.283121417,123,30,2085599,7.0,153,8746.25614552572,6.1019873562998495,2.935549596,26.69,Moderate
Dhaulpur,3.16604113,0.385474633,2.780566497,62,0,1501877,21.0,62,47550.04354201009,45.02815527168737,66.48686373,37.06,High
Dhemaji,10.8217802,1.436232391,9.385547809,162,35,702202,9.0,197,75990.75700000399,145.6825649711461,97.3960218,36.71,High
Dhenkanal,1.607306371,0.725516959,0.881789412,140,0,1387551,28.0,140,22302.195623874206,22.732216944276516,45.004578388,39.07,Critical
Dhubri,11.79092943,2.559481456,9.231447974,141,3,1376422,12.0,144,162292.9466789946,166.66477172886616,141.49115316,42.72,Critical
Dhule,0.703409115,0.475721838,0.227687277,58,4,2456650,4.0,62,17280.3000236475,10.350179492356649,2.81363646,26.04,Moderate
Dibrugarh,14.95295738,3.039084044,11.91387334,147,47,1510242,10.0,194,225825.84259485963,212.74740474412835,149.5295738,45.95,Critical
Dima Hasao,1.849797408,0.192925704,1.656871704,41,1,288305,8.0,42,5333.0584171344,23.25524179428245,14.798379264,21.17,Low
Dimapur,1.720970931,0.004473913,1.716497018,1,0,510639,4.0,1,8787.948752349092,22.61944396031996,6.883883724,20.87,Low
Dindigul,0.458409501,0.079067201,0.3793423,52,12,2457758,6.0,64,11266.596183587579,6.7453860259821345,2.750457006,26.78,Moderate
Dindori,1.451159302,0.207929959,1.243229343,3,0,917721,7.0,3,13317.59365790742,19.923909008131307,10.158115114,24.71,Moderate
Diu,5.79981831,4.979981831,0.819836479,0,0,67412,7.0,0,3909.7735191372003,64.48582017132162,40.59872817,21.26,Low
Doda,0.541398151,0.270867996,0.270530155,122,34,563657,4.0,156,3051.62857598207,7.169304199647285,2.165592604,19.91,Low
Dohad,0.331645594,0.201923678,0.129721916,25,0,2742293,25.0,25,9094.69390907042,4.916415554885164,8.29113985,38.28,Critical
Dumka,0.826039058,0.598250003,0.227789055,8,0,1522340,6.0,8,12575.122995557202,11.759293647829885,4.956234348,25.5,Moderate
Dungarpur,0.586707161,0.388930127,0.197777034,10,3,1670388,30.0,13,9800.28601248468,8.406672919393165,17.60121483,39.62,Critical
Durg,1.029480865,0.598727155,0.43075371,16,0,2010685,2.0,16,20699.61733042525,14.941871392410773,2.05896173,24.5,Moderate
East ,0.1,0.0,0.1,0,0,1368632,7.0,0,1368.632,1.4129322989441317,0.7000000000000001,24.57,Moderate
East District,0.934153719,0.10298745,0.831166269,146,8,337891,2.0,154,3156.42134266629,11.892226728291625,1.868307438,17.12,Low
East Garo Hills,0.691122728,0.004744409,0.686378319,20,0,188522,4.0,20,1302.91838928016,8.395050702374235,2.764490912,15.65,Low
East Godavari,6.191781457,2.48908494,3.702696517,222,1,5569277,9.0,223,344837.46057496587,96.17555429192758,55.726033113,39.63,Critical
East Jaintia Hills,1.649728103,0.02228155,1.627446553,4,0,150787,5.0,4,2487.5755146706097,19.670747757789766,8.248640515,16.53,Low
East Kameng,1.388336152,0.061410827,1.326925325,0,0,87734,2.0,0,1218.04283959568,15.802147854599045,2.776672304,12.3,Low
East Khasi Hills,1.226830999,0.077062889,1.14976811,20,9,1005453,2.0,29,12335.209084375469,16.955969575137196,2.453661998,21.81,Low
East Nimar,1.041803014,1.03067221,0.011130804,4,0,1518478,7.0,4,15819.549570926922,14.828211217738147,7.292621098000001,26.49,Moderate
East Siang,3.916385666,1.35629866,2.560087006,13,668,86959,6.0,681,3405.6498112969402,44.54185124925901,23.498313996,18.15,Low
Ernakulam,5.103357738,3.843019755,1.260337983,136,61,3428525,5.0,197,174969.8958867645,76.79349508072222,25.51678869,34.47,High
Erode,1.28966656,0.635350328,0.654316232,64,9,2286982,6.0,73,29494.4420872192,18.884257334586923,7.73799936,27.7,Moderate
Etah,1.185341675,0.000451786,1.184889889,106,1,2068262,23.0,107,24515.971434188505,17.237499036719633,27.262858525000002,36.96,High
Etawah,8.738456012,0.23711024,8.501345772,184,13,1845391,18.0,197,161258.68078440693,126.08021094739932,157.292208216,42.89,Critical
Faizabad,4.054677701,0.247188018,3.807489683,207,5,3092832,18.0,212,125404.36943339232,60.59552849343295,72.98419861800001,39.21,Critical
Faridabad,6.911149485,0.0,6.911149485,14,2,2383525,7.0,16,164728.97576234624,101.48395114457274,48.378046395,35.12,High
Faridkot,4.441457773,0.0,4.441457773,15,1,659286,5.0,16,29281.909293300778,59.510711743377755,22.207288865,25.81,Moderate
Farrukhabad,6.314129092,0.099039455,6.215089637,76,0,2145188,20.0,76,135449.93958609295,92.05203510914066,126.28258184,41.65,Critical
Fatehabad,9.544000142,0.0,9.544000142,4,6,1056284,6.0,10,100811.74645992328,132.37784542307136,57.264000851999995,34.52,High
Fatehgarh Sahib,0.476176498,0.0,0.476176498,37,1,640240,5.0,38,3048.6724107952004,6.366289282401537,2.38088249,20.84,Low
Fatehpur,6.194245238,0.497518236,5.696727002,94,1,3038415,16.0,95,188206.8764481777,92.46055023549215,99.107923808,40.67,Critical
Fazilka,4.742047502,0.0,4.742047502,13,0,1143916,7.0,13,54245.04010297832,66.15141515550654,33.194332514,29.55,High
Firozabad,4.216316792,0.0,4.216316792,62,21,2948291,21.0,83,124309.28851002471,62.809360578092246,88.542652632,40.9,Critical
Firozpur,8.113945312,0.027828753,8.086116559,79,1,1057444,8.0,80,85800.42786502528,112.55150657989323,64.911562496,33.96,High
Gadag,0.935237691,0.161614128,0.773623563,82,8,1218001,10.0,90,11391.20442875691,13.105226113275794,9.35237691,26.95,Moderate
Gadchiroli,1.859313068,0.196356508,1.66295656,90,15,1183215,4.0,105,21999.6711175362,26.000163002967177,7.437252272,24.45,Moderate
Gajapati,0.776854184,0.1973271,0.579527084,25,0,638094,29.0,25,4957.05993685296,10.383621374797515,22.528771336,35.37,High
Ganderbal,1.994547665,0.499016366,1.495531299,58,13,559525,6.0,71,11159.992822591252,26.39752974131757,11.96728599,22.92,Low
Gandhinagar,1.280221069,0.000328815,1.279892254,49,2,1324292,25.0,51,16953.86519908148,18.046494565998806,32.005526725,36.48,High
Ganganagar,6.604699359,0.009686833,6.595012526,31,1,2163051,21.0,32,142863.01553184306,96.34295261339736,138.698686539,42.6,Critical
Ganjam,3.782362954,1.187000815,2.595362139,391,2,3912072,23.0,393,147968.7620618069,57.41467337295266,86.99434794199999,43.07,Critical
Garhwa,0.838209479,0.290692695,0.547516784,10,0,1689634,2.0,10,14162.672348406859,12.019943280804794,1.676418958,23.47,Low
Garhwal,1.014386007,0.69594354,0.318442467,171,7,727119,7.0,178,7375.79339023833,13.691012537404326,7.100702049,23.41,Low
Gariaband,0.872452961,0.366717302,0.505735659,0,0,777859,7.0,0,6786.45387790499,11.834215302793877,6.107170727,23.4,Low
Gautam Buddha Nagar,4.671283575,0.002840861,4.668442714,59,4,2613780,25.0,63,122097.075826635,69.02432668138161,116.78208937500001,43.34,Critical
Gaya,3.47076538,0.000225598,3.470539782,122,0,5429170,23.0,122,188433.752781346,53.82218959935547,79.82760374,43.6,Critical
Ghaziabad,2.474121961,0.0,2.474121961,70,2,4601786,24.0,72,113853.79802422345,37.957868444039775,59.378927063999996,42.31,Critical
Ghazipur,9.244698358,0.864783267,8.379915091,97,3,4171506,20.0,100,385643.14668587147,140.9242211479585,184.89396716000002,48.15,Critical
Gir Somnath,0.779801587,0.532788711,0.247012876,62,5,1353212,20.0,67,10552.36865147444,11.00923281849556,15.59603174,33.19,High
Giridih,0.488850861,0.045970652,0.442880209,12,0,3023152,4.0,12,14778.70458133872,7.294540098545347,1.955403444,26.45,Moderate
Goalpara,15.877175,3.270135105,12.6070399,158,5,1063871,10.0,163,168912.66044424998,220.33431544997916,158.77175,45.76,Critical
Godda,0.351053647,0.042063828,0.308989819,16,0,1541633,5.0,16,5411.95886985551,5.001936442664829,1.7552682350000002,24.19,Moderate
Golaghat,13.18454925,1.593594635,11.59095462,83,5,1310870,9.0,88,172832.300753475,185.72022875739341,118.66094325,42.14,Critical
Gomati,2.520489489,0.002801781,2.517687708,10,1,559331,4.0,11,14097.87906371859,33.35741434517435,10.081957956,22.21,Low
Gonda,2.9367264,0.067902889,2.868823511,196,4,4066976,15.0,200,119435.957873664,44.69230796831199,44.050896,37.11,High
Gondiya,1.020830235,0.911616345,0.10921389,35,10,1579976,5.0,45,16128.8727137436,14.570229143334059,5.104151175,25.4,Moderate
Gopalganj,5.900053501,0.432458286,5.467595215,129,10,2913408,24.0,139,171892.63070241408,87.82131949740851,141.601284024,44.83,Critical
Gorakhpur,10.44474452,0.35299449,10.09175003,312,11,5059142,18.0,323,528414.4568040185,161.23246773163328,188.00540136,49.04,Critical
Gumla,0.738034735,0.061045269,0.676989466,8,0,1266667,4.0,8,9348.44243678245,10.370790579590734,2.95213894,23.3,Low
Guna,0.595168951,0.137757934,0.457411017,63,2,1461635,6.0,65,8699.19769694885,8.4484630847495,3.571013706,24.9,Moderate
Guntur,10.2423074,0.999528068,9.242779332,188,108,5374652,8.0,296,550488.379520248,158.72713306459494,81.9384592,43.36,Critical
Gurdaspur,8.104089132,0.113656362,7.99043277,92,3,1740157,6.0,95,141023.87431673723,116.45159914744885,48.624534792000006,34.78,High
Gurugram,1.190106782,0.025213178,1.164893604,9,0,2517256,7.0,9,29958.03437630192,17.54060347152556,8.330747473999999,28.34,Moderate
Gwalior,0.637436542,0.480315571,0.157120971,46,2,2515503,5.0,48,16034.73533710626,9.39452939067441,3.18718271,26.64,Moderate
Hailakandi,17.39218508,0.052376525,17.33980856,73,6,765445,9.0,79,133127.611085606,235.63304451248672,156.52966572,44.64,Critical
Hamirpur,3.7159281904999997,0.3810949845,3.334833206,219,20,502514,10.0,239,18673.059387209167,48.78040426775772,37.159281905,26.91,Moderate
Hanumangarh,3.719727987,0.012851681,3.706876306,12,0,2002775,7.0,12,74497.78219163926,53.97341964644093,26.038095909000003,30.53,High
Hapur,1.533241589,0.006144137,1.527097452,58,1,1831968,28.0,59,28088.49527317152,22.110726548071558,42.930764492,39.84,Critical
Harda,1.414901297,0.286810929,1.128090368,9,3,669689,6.0,12,9475.438346866329,18.98029277146222,8.489407781999999,22.85,Low
Hardoi,4.375049349,0.028511914,4.346537435,77,3,4789431,16.0,80,209539.9697863042,67.29666950365059,70.000789584,40.1,Critical
Hardwar,2.049997612,0.174571933,1.875425679,15,0,2449262,6.0,15,50209.81251162344,30.158125197348188,12.299985671999998,28.75,High
Hassan,0.65942209,0.611212696,0.048209394,61,28,1843387,9.0,89,12155.7010821883,9.513558814476957,5.934798809999999,27.83,Moderate
Hathras,1.329597887,0.0,1.329597887,46,0,1789810,27.0,46,23797.275941314703,19.14304590850808,35.899142949,38.91,Critical
Haveri,1.243636673,0.202049296,1.041587377,67,4,1601523,13.0,71,19917.127354529788,17.767173336016594,16.167276749,30.2,High
Hazaribagh,0.550169328,0.473117617,0.077051711,1,1,2130620,1.0,2,11722.0177362336,8.017025659223634,0.550169328,23.52,Low
Hingoli,1.332394248,1.334570744,0.002176496,82,5,1419813,4.0,87,18917.50674435624,18.87474546306241,5.329576992,24.91,Moderate
Hisar,4.240875674,0.000529024,4.24034665,54,3,1943429,8.0,57,82418.40770246145,61.40773137607896,33.927005392,31.63,High
Hojai,5.264427439,0.109771283,5.154656156,57,1,1112181,10.0,58,58549.961735344594,73.2904870664024,52.64427439000001,31.88,High
Hooghly,9.728119034,0.332437756,9.395681278,175,18,5689338,10.0,193,553465.5728865949,151.31218131413084,97.28119034000001,43.91,Critical
Hoshangabad,2.346467017,0.970690301,1.375776716,53,0,1371450,5.0,53,32180.6219046465,33.15881674950995,11.732335085,26.48,Moderate
Hoshiarpur,1.124097105,0.108432652,1.015664453,77,1,1743086,7.0,78,19593.979263660298,16.154588610902202,7.868679735,26.83,Moderate
Howrah,22.79593904,3.23081923,19.56511981,170,8,4370011,9.0,178,996185.0436012945,348.55620673734984,205.16345136,59.26,Critical
Hyderabad,0.522269753,0.52199262,0.000277133,101,4,3345250,7.0,105,17471.2289122325,7.846085806766755,3.6558882710000002,28.82,High
Idukki,0.789197649,0.784504282,0.004693367,275,71,1048101,4.0,346,8271.588451145491,10.940245675332001,3.156790596,22.86,Low
Imphal East,11.82536756,0.032628883,11.79273868,2,0,434974,5.0,2,51437.2742904344,153.52926542194967,59.126837800000004,33.21,High
Imphal West,3.366895401,0.042914083,3.323981318,2,0,589610,5.0,2,19851.5519738361,44.73667410689312,16.834477005,24.06,Moderate
Indore,0.351694942,0.088367293,0.263327649,57,6,4193901,5.0,63,14749.737689487421,5.363046154658841,1.75847471,28.19,Moderate
Jabalpur,1.701345896,1.091398785,0.609947111,54,6,2843254,5.0,60,48373.58524185584,25.282782770794004,8.50672948,28.63,High
Jagatsinghapur,3.152171799,3.230232986,0.078061187,44,0,1268480,31.0,44,39984.668835955206,44.298512650220204,97.717325769,43.22,Critical
Jagitial,1.696878929,0.394204469,1.30267446,1,0,1063443,14.0,1,18045.340188925467,23.547628360201024,23.756305005999998,29.78,High
Jaipur,0.300794996,0.001876113,0.298918883,190,14,8193632,12.0,204,24646.035046654717,4.788315820507363,3.6095399519999996,34.88,High
Jaisalmer,0.490864938,0.007376732,0.483488206,64,14,848518,7.0,78,4165.077354618839,6.7009188833043245,3.4360545659999997,23.15,Low
Jajapur,12.17977255,0.632633041,11.54713951,33,0,2048302,30.0,33,249478.524737101,177.00281501544242,365.3931765,54.72,Critical
Jalandhar,5.423173348,0.0,5.423173348,56,39,2446748,6.0,95,132691.38542872304,79.77634834150135,32.539040088,32.82,High
Jalaun,5.196857221,0.392709551,4.80414767,145,6,1897451,22.0,151,98607.81930843671,75.12588487183444,114.330858862,41.07,Critical
Jalgaon,1.523114248,0.504330321,1.018783927,75,26,4760079,3.0,101,72501.44146505592,23.419062026483687,4.569342744,29.09,High
Jalna,0.710994286,0.649960977,0.061033309,157,13,2330103,5.0,170,16566.89918791458,10.424188304500706,3.55497143,26.48,Moderate
Jalor,1.350286581,0.005874951,1.34441163,113,4,2252706,25.0,117,30417.98682738186,19.751510273485284,33.757164525,38.68,Critical
Jalpaiguri,4.914165317,0.3463879,4.567777417,366,20,2766173,17.0,386,135934.31417421842,72.89169471295523,83.540810389,39.27,Critical
Jammu,2.064462057,0.475037449,1.589424608,274,80,1766664,5.0,354,36472.10795467848,29.696469465326523,10.322310285,26.98,Moderate
Jamnagar,0.665233515,0.663125755,0.00210776,236,8,1509267,20.0,244,10040.14991483505,9.464367239327284,13.304670300000002,33.53,High
Jamtara,1.614168247,0.953600878,0.660567369,1,0,923311,6.0,1,14903.79298305817,22.171767084140917,9.685009482,24.6,Moderate
Jamui,0.5711396,0.157890825,0.413248775,80,0,2203798,29.0,80,12586.763082008,8.341889798970788,16.5630484,40.04,Critical
Jangoan,0.433243486,0.315476097,0.117767389,1,0,609289,14.0,1,2639.7049034145402,5.7708247327191575,6.0654088040000005,25.99,Moderate
Janjgir - Champa,2.305607554,0.376710728,1.928896826,2,2,2018726,2.0,4,46543.899150562036,33.47275899097895,4.611215108,26.01,Moderate
Jashpur,0.612002702,0.04317362,0.568829082,2,0,942821,1.0,2,5770.089995023419,8.41909643454767,0.612002702,20.2,Low
Jaunpur,4.255610411,0.012266083,4.243344328,200,1,4985265,19.0,201,212153.45635593915,65.63001235355385,80.85659780900001,41.87,Critical
Jayashankar,5.683848444,0.464301349,5.219547095,4,1,423171,18.0,5,24052.398298959237,73.63729173734266,102.30927199199999,33.37,High
Jehanabad,10.28041514,0.001189369,10.27922577,87,0,1409612,27.0,87,144913.9654632568,145.55860667273134,277.57120878,48.93,Critical
Jhabua,0.409073564,0.130395664,0.2786779,3,0,1290473,7.0,3,5278.98389355772,5.755877825383976,2.863514948,24.76,Moderate
Jhajjar,1.433630243,0.004170675,1.429459568,4,0,999200,7.0,4,14324.833388056002,19.80518782995984,10.035411701000001,24.96,Moderate
Jhalawar,1.321031828,0.380898218,0.94013361,35,6,1669164,17.0,41,22050.18770151792,18.92752481870545,22.457541076,32.87,High
Jhansi,2.23315222,0.409255286,1.823896934,127,3,2198410,27.0,130,49093.841719701995,32.61126984990611,60.29510994,40.97,Critical
Jhargram,1.847517048,0.072751655,1.774765393,0,0,1247343,7.0,0,23044.87457203464,25.932723017164566,12.932619336,26.37,Moderate
Jharsuguda,2.936283719,3.100195768,0.163912049,44,0,621362,31.0,44,18244.95124205278,39.16905798484585,91.024795289,40.07,Critical
Jhunjhunun,0.337331328,0.000184082,0.337147246,22,2,2449782,6.0,24,8263.88215370496,4.96265320760383,2.023987968,26.59,Moderate
Jind,1.133905451,0.0,1.133905451,31,6,1489426,6.0,37,16888.68260261126,16.1172210033624,6.803432706,25.59,Moderate
Jiribam,5.343630309,0.111022838,5.232607471,0,0,56027,7.0,0,2993.87575322343,58.42515292234371,37.405412163,18.32,Low
Jodhpur,0.356570143,0.004713804,0.351856339,154,9,4624883,13.0,163,16490.95192668269,5.472268380590402,4.635411859,33.26,High
Jogulamba Gadwal,2.863639705,1.45893785,1.404701855,1,0,677578,34.0,1,19403.3926403449,38.44803259375054,97.36374997,41.54,Critical
Jorhat,7.736947443,1.082349707,6.654597736,205,4,1037431,13.0,209,80265.49122738933,107.1741997474665,100.580316759,36.72,High
Junagadh,1.288798667,0.096341257,1.19245741,272,12,1644700,16.0,284,21196.871676149,18.446664457621722,20.620778672,32.09,High
Kabeerdham,0.818669924,0.253989706,0.564680218,0,0,1131600,2.0,0,9264.068859984001,11.411557960835438,1.637339848,21.84,Low
Kachchh,12.67467755,9.585998161,3.088679389,123,10,2654359,24.0,133,336431.44426940446,187.4802069966755,304.1922612,55.84,Critical
Kaimur (bhabua),2.869921368,0.262638721,2.607282647,88,0,1966164,27.0,88,56427.36076592352,41.58973959024978,77.48787693599999,41.26,Critical
Kaithal,3.116757085,0.00046637,3.116290715,30,3,1238219,6.0,33,38592.278410316154,43.72556306209449,18.700542510000002,27.28,Moderate
Kakching,3.624802358,0.104413907,3.520388451,0,0,180789,7.0,0,6553.243935004621,43.878563907348145,25.373616506,20.87,Low
Kalaburagi,1.1108725,0.548079914,0.562792586,112,16,2925453,8.0,128,32498.052877424998,16.53973648451923,8.88698,29.61,High
Kalahandi,0.969360733,0.57131064,0.398050093,149,0,1864838,22.0,149,18077.00730606254,13.996294546825178,21.325936126000002,35.88,High
Kalimpong,1.209230259,0.250831636,0.958398623,12,0,214033,6.0,12,2588.15180024547,14.841959376979894,7.2553815539999995,18.05,Low
Kallakurichi,1.726935239,0.016931089,1.71000415,20,4,1575629,10.0,24,27210.09243690331,24.64365210050039,17.269352389999998,28.9,High
Kamareddy,1.880129371,0.928824065,0.951305306,6,1,1051890,20.0,7,19776.8928406119,26.070061974149617,37.60258742,33.67,High
Kamjong,0.610853038,0.129302233,0.481550805,0,0,61519,7.0,0,375.79068044722004,6.735948288896346,4.275971266,12.9,Low
Kamle,2.140222737,0.304270955,1.835951782,3,1,25202,5.0,4,539.3789341787401,21.690554568783643,10.701113685000001,10.11,Low
Kamrup,10.03897902,1.476174408,8.562804612,181,13,1546068,8.0,194,155209.44215493358,143.06776021307633,80.31183216,38.32,Critical
Kamrup Metropolitan,14.80454405,1.622970103,13.18157395,7,2,1437551,1.0,9,212822.8710362155,209.90552052453654,14.80454405,39.8,Critical
Kancheepuram,2.694220448,0.935998334,1.758222114,28,6,1542112,6.0,34,41547.89683506176,38.389042206892306,16.165322688,27.95,Moderate
Kandhamal,0.573783436,0.032063654,0.541719782,142,0,832740,26.0,142,4778.1241849464,7.822090038445675,14.918369336000001,34.36,High
Kangpokpi,0.701396511,0.166897675,0.534498836,0,0,268532,7.0,0,1883.47407891852,8.767967768967523,4.909775577,18.89,Low
Kangra,1.044453548,0.966952237,0.077501311,173,58,1693351,4.0,231,17686.26459959348,14.979783144291575,4.177814192,25.14,Moderate
Kannauj,3.637205694,0.028212116,3.608993578,71,7,1938161,21.0,78,70494.90225088735,52.65673853136413,76.381319574,38.53,Critical
Kanniyakumari,0.216023548,0.214453049,0.001570499,50,5,2092603,6.0,55,4520.51524615444,3.1439893884907946,1.296141288,25.89,Moderate
Kannur,3.447996641,1.090489394,2.357507247,153,53,2666656,5.0,206,91946.20930702495,51.017717468329344,17.239983205,30.52,High
Kanpur Dehat,3.309974643,0.222688571,3.087286072,131,4,2010692,16.0,135,66553.39534882957,48.04093885794199,52.959594288,35.4,High
Kanpur Nagar,5.234616541,0.360877047,4.873739494,112,1,4932257,20.0,113,258184.7407666304,80.67228491365718,104.69233082000001,43.73,Critical
Kapurthala,3.634049856,0.260845183,3.373204673,85,2,865875,6.0,87,31466.329190639997,49.682901668632866,21.804299135999997,26.58,Moderate
Karaikal,1.148059852,1.327174677,0.179114825,2,0,220595,5.0,2,2532.5626305194005,14.125829739045097,5.7402992600000005,17.87,Low
Karauli,0.633480722,0.197979321,0.435501401,10,3,1777972,35.0,13,11263.109862557842,9.116411257266813,22.171825270000003,42.8,Critical
Karbi Anglong,1.843407844,0.000151248,1.843256596,66,5,693265,20.0,71,12779.701389706599,24.79230370898,36.86815688,31.65,High
Kargil,0.468179461,0.181839586,0.286339875,46,1,154801,1.0,47,724.7464874226101,5.5946987522485685,0.468179461,12.89,Low
Karimganj,22.54591712,0.019195636,22.52672148,116,14,1393118,11.0,130,314091.22966380155,318.9583447687339,248.00508831999997,54.5,Critical
Karimnagar,1.016544336,1.029366402,0.012822066,140,1,1113366,7.0,141,11317.85901194976,14.153244439715822,7.115810352,25.22,Moderate
Karnal,3.351988487,0.003219511,3.348768976,27,7,1700198,6.0,34,56990.44121620425,48.088484477625336,20.111930922,28.83,High
Karur,1.785192578,0.062914047,1.722278531,23,4,1234912,7.0,27,22045.55736883136,25.040023475641178,12.496348046,26.25,Moderate
Kasaragod,3.02140911,0.717632918,2.303776192,108,40,1320168,6.0,148,39887.6762193048,42.58153532448054,18.12845466,27.66,Moderate
Kasganj,11.5492555,0.061598326,11.48765717,45,3,1633713,26.0,48,188681.688506715,165.22788208310948,300.280643,50.5,Critical
Kathua,1.038752523,0.993134601,0.045617922,112,21,639161,4.0,133,6639.301013532031,13.885953586966714,4.155010092,21.26,Low
Katihar,13.34677951,1.934686307,11.4120932,221,2,3735857,20.0,223,498616.5965989006,201.98332847473543,266.9355902,53.09,Critical
Katni,1.074565636,0.544194583,0.530371053,10,0,1481656,6.0,10,15921.36621973216,15.268150249673525,6.447393816,25.68,Moderate
Kaushambi,5.838259619,0.615851316,5.222408303,41,1,1981279,21.0,42,115672.211796727,84.65040713976038,122.60345199899999,41.52,Critical
Kendrapara,23.2512603,4.951021358,18.30023894,57,0,1692082,24.0,57,393430.39030944597,333.4572723371502,558.0302472,65.44,Critical
Kendujhar,1.491690841,0.370501647,1.121189194,54,3,2118363,20.0,57,31599.42685013283,21.72819948092347,29.833816820000003,35.79,High
Khagaria,12.48011269,0.872843213,11.60726948,166,10,2060105,23.0,176,257103.4255323245,181.43922290441304,287.04259187,51.07,Critical
Khammam,0.560077929,0.458663756,0.101414173,177,0,1521069,7.0,177,8519.17175386101,7.972667085258815,3.9205455029999996,25.71,Moderate
Kheda,2.857113599,0.01148306,2.845630539,102,6,2023119,15.0,108,57802.80807295281,41.48572211657918,42.856703984999996,34.21,High
Kheri,7.086100462,0.145950617,6.940149845,146,6,4820329,16.0,152,341573.35553892,109.04341493717176,113.377607392,43.48,Critical
Khordha,3.367308168,1.214771584,2.152536584,28,0,2574912,29.0,28,86705.22209481217,49.70593463768132,97.65193687200001,44.44,Critical
Khowai,0.889218209,0.0,0.889218209,10,1,324410,4.0,11,2884.7127918169003,11.283971448119633,3.556872836,18.05,Low
Khunti,0.760830841,0.025055895,0.735774946,3,2,661665,2.0,5,5034.15138410265,10.197047653609465,1.521661682,19.56,Low
Kinnaur,0.710681995,0.171089112,0.539592883,225,64,87703,5.0,289,623.28943007485,8.088785457053968,3.5534099749999997,13.27,Low
Kiphire,1.066560501,0.0,1.066560501,4,0,54731,19.0,4,583.73922780231,11.636392459203638,20.264649519000002,20.01,Low
Kishanganj,9.339752372,0.190724422,9.14902795,143,0,2214692,22.0,143,206846.74860249425,136.45961344242625,205.474552184,46.69,Critical
Kishtwar,0.405119324,0.12316298,0.281956344,55,29,231938,5.0,84,939.62565769912,5.004937178544762,2.02559662,16.75,Low
Kodagu,0.795547476,0.154509876,0.6410376,57,17,575814,6.0,74,4580.873743454639,10.551777128248569,4.773284856,21.45,Low
Kodarma,0.4952359,0.493650006,0.001585894,1,0,894355,2.0,1,4429.167033445,6.786643037046777,0.9904718,20.59,Low
Kohima,0.321623488,0.0,0.321623488,5,0,311382,6.0,5,1001.47764940416,4.0681444031441885,1.9297409280000002,18.37,Low
Kokrajhar,2.564133007,0.046972576,2.517160431,71,1,1311786,13.0,72,33635.937807205024,36.120687532605594,33.333729091,30.97,High
Kolar,0.261632224,0.109739276,0.151892948,78,21,1625062,8.0,99,4251.68585197888,3.741617385671473,2.093057792,26.08,Moderate
Kolasib,1.964392845,0.380323566,1.584069279,7,0,125377,4.0,7,2462.89681727565,23.060181364275067,7.85757138,15.71,Low
Kolhapur,1.531674907,0.739128811,0.792546096,258,32,3952672,4.0,290,60542.08518001504,23.265992678039336,6.126699628,29.03,High
Kolkata,12.06523072,10.21461453,1.85061619,262,79,2896202,3.0,341,349433.45341725444,179.51749560620573,36.19569216,43.3,Critical
Kollam,2.689873614,2.697055096,0.007181482,177,60,2503307,5.0,237,67335.79447041498,39.6302404642751,13.44936807,29.88,High
Kondagaon,1.123981488,0.045498909,1.078482579,0,0,656011,7.0,0,7373.44219924368,15.054534272623753,7.867870416000001,22.92,Low
Koppal,1.056602421,0.555929835,0.500672586,74,3,1551558,11.0,77,16393.79939121918,15.06162532736896,11.622626631,28.78,High
Koraput,1.383903026,1.198572767,0.185330259,198,4,1573932,18.0,202,21781.692575182322,19.747034255683435,24.910254468,33.58,High
Korba,1.961395836,1.651028381,0.310367455,1,1,1414402,2.0,2,27742.02193230072,27.777715593984354,3.922791672,24.6,Moderate
Koriya,0.581343442,0.102575658,0.478767784,1,0,763582,1.0,1,4439.03388129244,7.874748688309198,0.581343442,19.35,Low
Kota,2.883610805,0.503964127,2.379646678,206,266,2286428,12.0,472,65931.6848565454,42.22327631554672,34.60332966,33.14,High
Kottayam,3.699266664,2.178531176,1.520735488,200,90,2015065,5.0,290,74542.6278029316,53.69915605197672,18.49633332,30.08,High
Kozhikode,1.40055533,0.599372106,0.801183224,181,45,3349063,5.0,226,46905.4803515579,21.042211430730713,7.0027766499999995,28.75,High
Kra Daadi,1.846265574,0.008415915,1.837849659,7,2,93220,5.0,9,1721.0887680828,21.126315327720796,9.23132787,14.85,Low
Krishna,4.604283716,3.894573341,0.709710375,210,1,4751934,8.0,211,218792.52335706746,70.78654544015873,36.834269728,36.94,High
Krishnagiri,1.019903242,0.155619892,0.86428335,35,4,2151735,6.0,39,21945.615024248702,14.872010322078697,6.119419452000001,26.96,Moderate
Kulgam,0.367091191,0.344100009,0.022991182,49,7,578651,6.0,56,2124.1768476334096,4.870733513850198,2.2025471459999997,21.0,Low
Kullu,0.26843604,0.052025107,0.216410933,371,205,460044,4.0,576,1234.9238958576,3.500158890322032,1.07374416,18.7,Low
Kumuram Bheem Asifabad,1.762360552,0.6274381,1.134922452,1,0,561927,1.0,1,9903.179779037042,23.332118704404827,1.762360552,19.75,Low
Kupwara,0.534056594,0.014099434,0.51995716,37,2,1053524,5.0,39,5626.414391372561,7.406111123335101,2.67028297,22.89,Low
Kurnool,0.793739864,0.504632198,0.289107666,161,108,4618046,7.0,269,36655.27203985744,12.18032115002852,5.556179048,30.43,High
Kurukshetra,5.505038063,0.003818992,5.501219071,17,0,1080970,7.0,17,59507.8099496111,76.48353215557087,38.535266441,30.26,High
Kurung Kumey,0.581168345,0.025194178,0.555974167,17,3,77223,4.0,20,448.79563105935006,6.540739128321164,2.32467338,11.97,Low
Kushinagar,4.446808531,0.238357002,4.208451529,38,0,4300787,25.0,38,191247.763216139,67.92192676451914,111.17021327500001,45.12,Critical
Lahul & Spiti,0.310107104,0.321979852,0.011872748,58,1,31023,6.0,59,96.20452687392,3.2072878018936484,1.860642624,9.29,Low
Lakhimpur,15.4979388,1.049242136,14.44869666,214,39,1161342,9.0,253,179984.07241869599,216.43007376760394,139.4814492,44.31,Critical
Lakhisarai,12.2823616,0.192831525,12.08953008,89,0,1174729,25.0,89,144284.463600064,171.66502741065577,307.05904,49.54,Critical
Lakshadweep,17.42627711,13.42627711,4.0,0,0,60324,7.0,0,10512.227403836401,191.81977823258396,121.98393977,37.9,Critical
Lalitpur,1.497263878,1.506086959,0.008823081,35,4,1495673,25.0,39,22394.17156199894,21.28822882699204,37.43159695,37.73,High
Latehar,0.573164859,0.027933586,0.545231273,1,0,974550,2.0,1,5585.7781333845,7.903789872564473,1.146329718,20.87,Low
Latur,0.559348532,0.350302784,0.209045748,54,6,2795413,4.0,60,15636.10157883716,8.302684774890626,2.237394128,26.33,Moderate
Lawngtlai,2.814060532,0.021722019,2.792338513,12,2,149520,3.0,14,4207.5833074464,33.53007190472407,8.442181596000001,16.74,Low
Leh,0.46868104,0.486956079,0.018275039,162,30,158993,1.0,192,745.1700459271999,5.613215534965097,0.46868104,13.1,Low
Lepa Rada,0.870628148,0.0,0.870628148,3,1,22468,5.0,4,195.61273229264,8.723599893585751,4.35314074,7.99,Low
Lohardaga,0.868753763,0.077224984,0.791528779,7,0,575951,2.0,7,5003.595985536129,11.522958441597938,1.737507526,19.16,Low
Lohit,2.719050727,0.57149925,2.147551477,14,1,51927,6.0,15,1411.9214710092901,29.52240167051357,16.314304362,14.37,Low
Longding,0.638916752,0.0,0.638916752,4,1,60400,5.0,5,385.905718208,7.0336817833786185,3.19458376,11.64,Low
Longleng,2.847941427,0.010400483,2.837540944,0,0,30296,7.0,0,862.81233472392,29.387349322321086,19.935589989,12.78,Low
Lower Dibang Valley,1.560368914,0.162468901,1.397900013,5,1,59491,4.0,6,928.2790706277401,17.154067212682627,6.241475656,12.18,Low
Lower Siang,2.214148435,0.042159747,2.171988688,4,1,19141,5.0,5,423.8101519433499,21.830706813887527,11.070742175,9.02,Low
Lower Subansiri,0.836132857,0.006756278,0.829376579,12,1,99671,5.0,13,833.38197990047,9.6235882380975,4.180664285,13.88,Low
Lucknow,1.996226278,0.00696436,1.989261918,175,10,5804005,17.0,185,115861.0729864339,31.089345684709794,33.935846726,38.53,Critical
Ludhiana,4.786805709,0.007473247,4.779332462,70,1,3965684,7.0,71,189829.58811289957,72.72684460801919,33.507639963,34.55,High
Lunglei,2.6734292,0.01244799,2.66098121,12,0,188482,4.0,12,5038.932824744001,32.473511146667896,10.6937168,18.08,Low
Madhepura,3.91579591,0.008027921,3.907767989,156,0,2498415,24.0,156,97832.8323848265,57.684245403065205,93.97910184,41.64,Critical
Madhubani,3.784620529,0.037751436,3.746869093,216,10,5126077,19.0,226,194002.56247434736,58.47182478727079,71.907790051,41.41,Critical
Madurai,1.022103303,0.009182441,1.012920862,56,54,3384080,7.0,110,34588.7934561624,15.366907098729047,7.154723121,29.31,High
Mahabubabad,0.514342184,0.26668014,0.247662044,4,0,802801,8.0,4,4129.1441965738395,6.992926067928691,4.114737472,23.64,Moderate
Mahabubnagar,0.520380467,0.103573838,0.416806629,40,0,1071711,6.0,40,5576.974706690369,7.225362018456115,3.122282802,23.56,Low
Mahasamund,0.960933082,0.333392516,0.627540566,5,56,1179980,4.0,61,11338.8181809836,13.434813966574014,3.843732328,23.39,Low
Mahe,1.6545,1.410606801,0.243893199,0,0,50846,7.0,0,841.24707,17.92911565824426,11.5815,13.85,Low
Mahendragarh,0.562223928,0.000562973,0.561660955,2,0,970462,7.0,2,5456.16957614736,7.750554014415307,3.935567496,23.77,Moderate
Mahesana,0.776246826,0.08453985,0.691706976,68,3,2169424,26.0,71,16840.08494248224,11.325420010238691,20.182417475999998,38.44,Critical
Mahisagar,2.501932587,1.803625613,0.698306974,33,1,1041596,25.0,34,26060.029748888523,34.66744261452278,62.54831467500001,37.63,High
Mahoba,0.539052412,0.300865401,0.238187011,35,1,1077440,26.0,36,5807.9663078528,7.487491553807074,14.015362712,35.44,High
Mahrajganj,3.336576576,0.082956237,3.253620339,36,0,3375140,27.0,36,112614.1306472064,50.15524445132433,90.08756755200001,43.92,Critical
Mainpuri,3.043030701,0.0,3.043030701,111,1,2193399,24.0,112,66745.80496542699,44.431179918702625,73.03273682400001,40.05,Critical
Majuli,13.12975694,4.888294451,8.241462489,54,1,147155,11.0,55,19321.093825057,156.23424093538475,144.42732634,35.66,High
Malappuram,1.938819937,0.260316709,1.678503228,161,50,4458146,5.0,211,86435.42346856803,29.683805855425668,9.694099685000001,30.43,High
Maldah,11.77624381,2.419208171,9.357035639,221,53,4260890,11.0,274,501772.79487590905,179.7642304699029,129.53868191,46.56,Critical
Malkangiri,1.711137196,1.784198785,0.073061589,30,0,757865,29.0,30,12968.1099104654,23.165823451513432,49.622978683999996,37.74,High
Mamit,1.381857077,0.0,1.381857077,7,0,138551,3.0,7,1914.57679875427,16.359807296297234,4.145571231,14.68,Low
Mancherial,2.37206874,1.035405769,1.336662971,1,0,750195,10.0,1,17795.141084043,32.089558890210206,23.7206874,27.08,Moderate
Mandi,0.910437082,0.174020686,0.736416396,187,26,1131583,4.0,213,10302.351245608059,12.690699913296777,3.641748328,23.1,Low
Mandla,1.57739714,0.911846658,0.665550482,10,0,1110768,7.0,10,17521.2226640352,21.95825646247495,11.04177998,25.86,Moderate
Mandsaur,1.435703116,1.47147063,0.035767514,27,1,1424619,5.0,28,20453.29937412804,20.3430742285377,7.17851558,25.69,Moderate
Mandya,2.146957544,0.730831983,1.416125561,43,4,1886354,10.0,47,40499.219509545765,31.023873483341415,21.46957544,30.37,High
Mansa,2.763547618,0.004390434,2.759157184,37,0,742955,5.0,37,20531.9152053119,37.35872029423482,13.81773809,24.23,Moderate
Mathura,4.807455013,0.0,4.807455013,115,5,3064227,23.0,120,147311.33452119952,71.8008127561387,110.57146529900001,42.96,Critical
Mau,4.820667589,0.274573764,4.546093825,50,0,2493398,24.0,50,120198.42925077422,71.0043716810186,115.69602213600001,42.83,Critical
Mayurbhanj,1.289395367,0.185356663,1.104038704,40,2,2891283,23.0,42,37280.06904885861,19.18260726230988,29.656093441,38.48,Critical
Medak,1.038975884,0.130629891,0.908345993,38,1,858985,14.0,39,8924.6469971774,14.196055201865732,14.545662376000001,28.03,Moderate
Medchal Malkajgiri,0.338814937,0.108188415,0.230626522,6,1,3917267,15.0,7,13272.28571817179,5.143517381347992,5.082224054999999,33.79,High
Medinipur West,7.838525951,0.025978003,7.812547948,294,10,5510554,10.0,304,431946.20533386857,121.67097862388746,78.38525951,41.37,Critical
Meerut,3.284379909,0.007909836,3.276470073,213,10,3877321,21.0,223,127345.95193143788,49.82619536566749,68.971978089,40.85,Critical
Mirpur,2.033481738,1.696173528,0.33730821,29,0,7110,8.0,29,144.5805515718,18.035759185173937,16.267853904,7.18,Low
Mirzapur,4.158753681,1.473547713,2.685205968,206,0,3135271,21.0,206,130388.19812182552,62.207579479205634,87.33382730100001,41.57,Critical
Moga,2.73145838,0.0,2.73145838,8,1,1027279,6.0,9,28059.698331480202,37.810008012982564,16.38875028,26.07,Moderate
Mokokchung,1.200974196,0.0,1.200974196,0,0,168849,7.0,0,2027.8329202040402,14.45584540029174,8.406819372,17.6,Low
Mon,2.746283665,0.00464644,2.741637225,0,0,228717,7.0,0,6281.21761007805,33.88981349255566,19.223985655,20.7,Low
Moradabad,3.838687956,0.0,3.838687956,200,1,3696840,22.0,201,141910.15183259037,58.0524366126547,84.451135032,41.93,Critical
Morbi,0.897578925,1.089593543,0.192014618,48,2,1099951,21.0,50,9872.928361326749,12.486020355739104,18.849157425,33.28,High
Morena,3.024035354,0.36602215,2.658013204,57,0,2318601,5.0,57,70115.31395819754,44.321698491858356,15.12017677,29.2,High
Morigaon,15.71118817,2.221938191,13.48924998,81,3,1127394,8.0,84,177126.99275728982,218.9420092987338,125.68950536,44.26,Critical
Mulugu,2.920152054,0.667449464,2.25270259,17,0,308187,8.0,17,8999.52901066098,36.90624030403153,23.361216432,22.91,Low
Mumbai,0.013175876,0.012175873,0.001000003,1016,437,2831580,3.0,1453,373.0854696408,0.19574536969013878,0.039527627999999995,25.01,Moderate
Mumbai Suburban,0.915654785,0.914657543,0.000997242,145,77,10791581,3.0,222,98813.62780365086,14.828367173137197,2.746964355,31.74,High
Mungeli,2.354397777,0.519156343,1.835241434,2,4,784748,2.0,6,18476.08946705196,31.95652167240653,4.708795554,22.36,Low
Munger,15.77841256,2.040092021,13.73832054,134,4,1690301,22.0,138,266702.6652858056,226.26902784455316,347.12507632,54.13,Critical
Murshidabad,11.63868869,1.234154397,10.40453429,435,9,8350690,23.0,444,971910.812566961,185.49573096104666,267.68983987,55.73,Critical
Muzaffarabad,0.705240174,0.275433011,0.429807163,29,0,9108,8.0,29,64.23327504792,6.4296875121278,5.641921392,6.06,Low
Muzaffarnagar,1.484914141,0.003804991,1.48110915,146,13,3353539,21.0,159,49797.17483494998,22.311617610768717,31.183196961,38.07,Critical
Muzaffarpur,11.95012947,0.19126057,11.7588689,201,18,6144680,19.0,219,734297.215517196,186.79363753893657,227.05245993,52.19,Critical
Mysuru,1.66900183,1.291071277,0.377930553,75,14,3330925,8.0,89,55593.19920592751,25.0663394287326,13.35201464,31.06,High
Nabarangapur,0.945022433,0.509433477,0.435588956,3,0,1425811,8.0,3,13474.23380218163,13.391206053354116,7.560179464,26.53,Moderate
Nadia,10.67147424,0.744726558,9.926747682,230,3,5440236,24.0,233,580553.3833352064,165.5074495532694,256.11538176,53.26,Critical
Nagaon,13.62634202,0.20685283,13.41948919,144,5,2348489,8.0,149,320013.14344207774,199.8886690685832,109.01073616,43.95,Critical
Nagapattinam,12.49792911,4.028133598,8.469795512,81,5,1816255,6.0,86,226994.2623568305,180.1237512044627,74.98757465999999,41.66,Critical
Nagarkurnool,2.158570923,0.873611522,1.284959401,1,0,978724,10.0,1,21126.45168042252,29.77534022697339,21.58570923,27.82,Moderate
Nagaur,0.318324761,0.004782392,0.313542369,30,0,3826407,24.0,30,12180.40093763727,4.8249875301604535,7.639794264000001,38.93,Critical
Nagpur,1.535057736,1.136796464,0.398261272,689,78,5242373,3.0,767,80473.45228647528,23.75085079379881,4.605173208,29.7,High
Nainital,0.775389314,0.026065252,0.749324062,91,6,1104668,3.0,97,8565.477627177519,10.789585959154348,2.326167942,22.2,Low
Nalanda,17.26579914,0.017069197,17.24872994,108,0,3649192,23.0,108,630062.1609529487,260.88651170784436,397.11338021999995,58.92,Critical
Nalbari,8.823179287,2.234621552,6.588557735,130,1,978546,10.0,131,86338.86798576702,121.7053830644175,88.23179287,36.44,High
Nalgonda,1.110181564,1.121014225,0.010832661,67,2,1795837,8.0,69,19937.051293490676,15.987705078851455,8.881452512,27.86,Moderate
Namakkal,0.411626715,0.022086664,0.389540051,29,4,2030160,8.0,33,8356.680917244,5.9783123195819465,3.29301372,27.12,Moderate
Namsai,4.082402322,0.299110207,3.783292115,4,1,120106,5.0,5,4903.21013286132,47.74834211815154,20.41201161,18.7,Low
Nanded,1.586913636,0.436541633,1.150372003,262,34,3861544,4.0,296,61279.368296139844,24.068049313380666,6.347654544,28.9,High
Nandurbar,1.936180535,1.1061674,0.830013135,43,6,2039682,4.0,49,39491.9258598987,28.1294212731724,7.74472214,27.02,Moderate
Narayanpet,1.584991037,0.815999907,0.76899113,11,0,669576,5.0,11,10612.71958590312,21.261706062913234,7.924955185,22.65,Low
Narayanpur,0.591873275,0.019401894,0.572471381,6,2,120311,2.0,8,712.08865588525,6.923641030149734,1.18374655,12.57,Low
Narmada,5.679248253,2.564251605,3.114996648,47,0,694589,11.0,47,39447.43364803017,76.39200568050948,62.471730783,31.93,High
Narsimhapur,2.214872889,0.238163477,1.976709412,14,0,1275736,7.0,14,28255.93079921304,31.138974600521767,15.504110223,26.96,Moderate
Nashik,0.73876734,0.729292944,0.009474396,158,70,7301954,3.0,228,53944.4513338236,11.675222451567189,2.21630202,29.91,High
Navsari,2.899986996,0.636447966,2.26353903,79,6,1457183,21.0,85,42258.11750792268,41.156662902893814,60.899726916,36.7,High
Nawada,1.840779083,0.079535975,1.761243108,98,23,2765346,25.0,121,50903.91074057718,27.30368098177534,46.019477075,40.12,Critical
Nayagarh,4.840654376,0.392848482,4.447805894,36,0,1012257,29.0,36,48999.86276686632,66.93508765043107,140.37897690399998,42.25,Critical
Neemuch,1.80618778,1.853193024,0.047005244,14,1,905934,6.0,15,16362.8692028652,24.774977172585416,10.837126679999999,25.06,Moderate
New Delhi,0.014199219,0.0,0.014199219,21,20,1064852,3.0,41,151.20066750588,0.19706169294664788,0.042597657000000004,21.12,Low
Nicobars,0.090612489,0.0,0.090612489,0,0,27340,7.0,0,24.773454492600003,0.9257101167624813,0.6342874230000001,9.0,Low
Nirmal,2.495939442,1.345821289,1.150118153,2,0,747102,10.0,2,18647.21348997084,33.75498103147928,24.959394420000002,27.32,Moderate
Niwari,2.347448333,0.208926357,2.138521976,2,0,474884,8.0,2,11147.65654168372,30.6830932784986,18.779586664,23.77,Moderate
Nizamabad,1.414979667,1.37012829,0.044851377,95,1,1716963,8.0,96,24294.67733991321,20.313544562658844,11.319837336,28.14,Moderate
Noney,2.73207358,0.05487921,2.67719437,56,18,58122,6.0,74,1587.9358061676,29.971712512361417,16.39244148,14.66,Low
North,1.725427554,0.0,1.725427554,19,9,2128488,3.0,28,36725.518435583515,25.14107185244812,5.176282662,25.97,Moderate
North  & Middle Andaman,1.3148171,0.0,1.3148171,0,0,101677,1.0,0,1336.866582767,15.159270842831047,1.3148171,12.19,Low
North  District,0.608832673,0.545185157,0.063647516,88,16,44583,3.0,104,271.43587060359,6.517633113170266,1.826498019,9.41,Low
North East,1.464774777,0.0,1.464774777,2,7,1444919,3.0,9,21164.809060080628,20.775727549047108,4.394324331,24.11,Moderate
North Garo Hills,1.505747627,0.0,1.505747627,13,0,191024,5.0,13,2876.3393470004803,18.310131444348915,7.528738135,17.29,Low
North Goa,4.159637042,2.577757251,1.581879791,7,4,718288,4.0,11,29878.17371624096,56.09115510653528,16.638548168,26.09,Moderate
North Tripura,1.542869002,0.0,1.542869002,96,1,417050,4.0,97,6434.535172841,19.966211896020912,6.171476008,19.85,Low
North Twenty Four Pargan*,18.6648469,7.43925593,11.22559097,294,16,10544399,19.0,310,1968095.9298751312,301.83120782504307,354.6320911,65.0,Critical
North West,0.1,0.0,0.1,2,4,2287355,3.0,6,2287.355,1.4642907123330655,0.30000000000000004,24.26,Moderate
Nuapada,1.647190051,0.35257892,1.294611131,25,0,702602,34.0,25,11573.190242127019,22.175373954997074,56.004461733999996,39.82,Critical
Nuh,0.669910248,0.0,0.669910248,2,0,1279625,7.0,2,8572.33901097,9.42033043215841,4.689371736,25.0,Moderate
Osmanabad,0.279521656,0.27922672,0.000294936,137,10,1913512,4.0,147,5348.68043015872,4.043127402214475,1.118086624,24.46,Moderate
Pakke Kessang,1.745384121,0.023431627,1.721952494,3,1,18414,5.0,4,321.39503204094,17.141279268323853,8.726920605,8.28,Low
Pakur,3.841519374,0.015471341,3.826048033,1,0,1077497,6.0,1,41392.25600926878,53.359288956246544,23.049116244,27.62,Moderate
Palakkad,2.435607291,0.550109826,1.885497465,104,38,3024581,6.0,142,73666.91535820071,36.34482238887056,14.613643746000001,30.19,High
Palamu,1.260455563,0.197368643,1.06308692,23,1,2294123,8.0,24,28916.40097556249,18.46045776553486,10.083644504,28.7,High
Palghar,2.015211138,1.112239022,0.902972116,78,4,3787472,3.0,82,76325.55759263136,30.524825495664427,6.045633414000001,28.99,High
Pali,0.420034216,0.028374093,0.391660123,136,8,2254626,18.0,144,9470.20064283216,6.144468473544368,7.560615888,33.43,High
Palwal,1.788990887,0.0,1.788990887,2,0,1312139,7.0,2,23474.04713477293,25.201818664367792,12.522936209,26.47,Moderate
Panch Mahals,0.963141904,0.574815885,0.388326019,86,2,1953336,22.0,88,18813.397541917442,13.951158395765548,21.189121888,36.06,High
Panchkula,0.322349702,0.040273471,0.282076231,18,6,597239,4.0,24,1925.19813672778,4.2872749941587,1.289398808,19.8,Low
Panipat,1.825319296,0.0,1.825319296,19,0,1456085,6.0,19,26578.200471161603,25.903585407143698,10.951915776,26.34,Moderate
Panna,0.90658603,0.165583402,0.741002628,8,0,1214594,7.0,8,11011.339525218202,12.701198882892836,6.346102210000001,25.14,Moderate
Papum Pare,0.846868747,0.021507801,0.825360946,73,9,245559,4.0,82,2079.56242644573,10.51073919651154,3.387474988,16.9,Low
Parbhani,3.612234955,0.631474073,2.980760882,230,15,2068053,4.0,245,74702.93335392616,52.52954922223815,14.44893982,28.97,High
Paschim Bardhaman,2.156244683,0.422563785,1.733680898,117,0,3727296,13.0,117,80369.62181967168,32.62655631678738,28.031180879,34.75,High
Pashchim Champaran,6.581510908,0.22060865,6.360902258,194,11,4925046,20.0,205,324142.4397140177,101.42005884918619,131.63021816,45.33,Critical
Pashchimi Singhbhum,0.910148694,0.04196336,0.868185334,2,0,1744372,3.0,2,15876.37897650168,13.080571236575562,2.730446082,24.19,Moderate
Patan,2.72529709,0.128901094,2.596395996,48,2,1464752,25.0,50,39918.8436317168,38.6915801758975,68.13242725,38.69,Critical
Pathanamthitta,1.224907042,0.233181386,0.991725656,132,30,1320089,6.0,162,16169.863121667378,17.262872754059917,7.349442251999999,25.3,Moderate
Pathankot,2.474306677,1.207937139,1.266369538,6,0,713016,7.0,6,17642.20249607832,33.346875746812096,17.320146739,25.29,Moderate
Patiala,4.903037722,0.000974475,4.902063247,80,74,2269761,5.0,154,111287.23802924441,71.75686676199821,24.51518861,31.29,High
Patna,20.26981192,1.449192516,18.8206194,381,30,6868950,16.0,411,1392323.24587884,319.0979592690263,324.31699072,61.48,Critical
Peddapalli,3.699961317,1.102681823,2.597279494,1,0,919259,10.0,1,34012.22740304103,50.805368658073036,36.99961317,29.54,High
Perambalur,0.714228873,0.002767237,0.711461636,32,4,600175,8.0,36,4286.623138527751,9.502799602586894,5.713830984,22.64,Low
Peren,0.587829484,0.001342531,0.586486953,1,0,96231,4.0,1,565.67419074804,6.745059537565687,2.351317936,12.85,Low
Phek,1.968885678,0.002356585,1.966529093,2,2,164195,4.0,4,3232.8118389921,23.6439860588895,7.875542712,16.66,Low
Pherzawl,2.387954764,0.021159458,2.366795306,0,0,54252,7.0,0,1295.5132185652799,26.032082467413808,16.715683348,14.54,Low
Pilibhit,3.104616978,0.672146699,2.432470279,98,1,2398821,23.0,99,74474.20403782938,45.60833952009076,71.406190494,40.12,Critical
Pithoragarh,0.525534276,0.108953862,0.416580414,1636,21,510103,3.0,1657,2680.76610790428,6.906765853200599,1.576602828,18.85,Low
Porbandar,5.378579118,0.51266173,4.865917388,49,2,660431,12.0,51,35521.80385479858,72.07645327432093,64.542949416,31.25,High
Prakasam,1.152408401,0.273749091,0.87865931,177,0,3731704,8.0,177,43004.47039645304,17.43867698948695,9.219267208,30.53,High
Pratapgarh,2.00394966,0.128855248,1.8750944120000002,165,9,1070109,23.0,174,21444.4456671294,27.821378213891773,46.090842179999996,35.38,High
Prayagraj,8.8123858,0.784955122,8.027430678,277,5,7094453,18.0,282,625190.568759674,139.01383422209472,158.6229444,48.53,Critical
Puducherry,1.760373358,0.820562264,0.939811094,6,0,1148821,4.0,6,20223.53881510918,24.564685754404294,7.041493432,24.42,Moderate
Pudukkottai,0.699430563,0.085746267,0.613684296,46,4,1827769,6.0,50,12783.97500703947,10.084814553328286,4.196583378,25.9,Moderate
Pulwama,3.270901569,0.279219117,2.991682452,76,17,1008086,4.0,93,32973.50079086934,45.21552055696348,13.083606276,25.57,Moderate
Punch,0.738012141,0.059684491,0.67832765,155,13,697454,4.0,168,5147.29519789014,9.930095996058466,2.952048564,20.93,Low
Pune,1.079353461,1.091416421,0.01206296,547,119,11979873,2.0,666,129305.17384890452,17.59209995353533,2.158706922,31.83,High
Purba Bardhaman,8.794297365,0.24975544,8.544541925,45,0,4891157,34.0,45,430142.8911690131,135.4580315177291,299.00611041,56.26,Critical
Purba Champaran,9.508604013,0.12116348,9.387440533,184,20,6322257,19.0,204,601158.3828141734,148.90081160751268,180.66347624699998,49.29,Critical
Purba Medinipur,17.52355839,2.04670632,15.47685207,302,17,5760374,10.0,319,1009422.5013723787,272.7807018449601,175.23558390000002,54.09,Critical
Purbi Singhbhum,1.736697053,0.089703785,1.646993268,32,0,2787911,3.0,32,48417.56817726283,25.773979679190287,5.210091159,27.09,Moderate
Puri,18.91181616,18.5900097,0.32180646,267,0,1855870,22.0,267,350978.722568592,272.97059541242885,416.05995552,63.92,Critical
Purnia,6.353941784,0.033127573,6.320814211,166,0,4127576,21.0,166,262263.77613035584,96.7908730366678,133.432777464,44.87,Critical
Puruliya,0.817297747,0.509342358,0.307955389,54,0,3407465,32.0,54,27849.13467481355,12.2933672778935,26.153527904,43.96,Critical
Rae Bareli,5.209973941,0.023735469,5.186238472,45,0,2819588,30.0,45,146899.8000435631,77.37906276153886,156.29921823,47.25,Critical
Raichur,1.42584206,0.565825072,0.860016988,141,34,2140588,8.0,175,30521.404035312797,20.783917370159802,11.40673648,28.76,High
Raigarh,1.6173588145000002,1.183541066,0.4338177485,328,93,1654533,3.0,421,26759.735314311285,23.15900931466514,4.852076443500001,25.23,Moderate
Raipur,1.037598285,0.445146211,0.592452074,39,66,2814996,3.0,105,29208.3502188186,15.408824023221175,3.112794855,26.39,Moderate
Raisen,1.851820563,0.547154614,1.304665949,56,12,1582981,5.0,68,29313.96766638303,26.43440700165558,9.259102815,26.31,Moderate
Rajanna Sircilla,0.563623248,0.564767428,0.00114418,1,0,587140,9.0,1,3309.2575383072,7.486619030304401,5.072609232,23.14,Low
Rajgarh,0.937282124,0.464455125,0.472826999,21,3,1797738,5.0,24,16849.87691035512,13.49877494311257,4.68641062,25.66,Moderate
Rajkot,0.801285355,0.493588848,0.307696507,1726,8,3534875,18.0,1734,28324.435692556246,12.081931848461169,14.42313639,35.84,High
Rajnandgaon,0.602269912,0.353818517,0.248451395,23,14,1792617,2.0,37,10796.39282839704,8.672197496384607,1.204539824,23.44,Low
Rajouri,0.301855404,0.017946919,0.283908485,109,18,659577,4.0,127,1990.9688180410799,4.044667872490119,1.207421616,20.16,Low
Rajsamand,0.253865414,0.088450607,0.165414807,17,0,1353032,32.0,17,3434.8802883524804,3.5840361952518855,8.123693248,39.45,Critical
Ramanagara,1.21544654,0.259579863,0.955866677,23,1,1168086,17.0,24,14197.460871224403,16.980855235794753,20.66259118,31.28,High
Ramanathapuram,3.269130248,1.290662657,1.978467591,103,17,1550443,7.0,120,50686.001090998645,46.59835222118103,22.883911736,29.39,High
Ramban,0.754358554,0.309949623,0.444408931,49,18,360350,5.0,67,2718.331049339,9.651892350764133,3.77179277,18.99,Low
Ramgarh,0.955188073,0.516207464,0.438980609,4,11,1068909,2.0,15,10210.09127922357,13.260064103423142,1.910376146,21.87,Low
Rampur,4.515924008,0.0,4.515924008,52,0,2830370,23.0,52,127817.35834522959,67.08819836670607,103.86625218399999,42.28,Critical
Ranchi,0.833116849,0.368094084,0.465022765,45,6,3525357,5.0,51,29370.343154400933,12.559646849841863,4.165584245,28.18,Moderate
Ranga Reddy,0.412349188,0.327322292,0.085026896,1,0,3667925,4.0,1,15124.658953949,6.232714442758259,1.649396752,27.22,Moderate
Ranipet,1.50587668,0.142824545,1.363052135,16,4,1198951,10.0,20,18054.723513626803,21.077693245259955,15.0587668,27.58,Moderate
Ratlam,0.690751655,0.102150461,0.588601194,24,0,1682145,6.0,24,11619.444426999751,9.902326243924964,4.14450993,25.56,Moderate
Ratnagiri,1.554240455,0.978975411,0.575265044,280,72,1532470,3.0,352,23818.2687007385,22.136101858559716,4.6627213649999995,24.78,Moderate
Rayagada,1.514776096,0.065376151,1.449399945,31,0,1127993,31.0,31,17086.56832855328,21.109846043433297,46.958058976000004,39.68,Critical
Reasi,1.749523708,0.510462262,1.239061446,63,18,394393,5.0,81,6899.99903769244,22.542797882314378,8.74761854,20.64,Low
Rewa,0.994456438,0.175699644,0.818756794,38,25,2794552,5.0,63,27790.60227725776,14.76089861963362,4.9722821900000005,27.39,Moderate
Rewari,0.830835644,0.002779906,0.828055738,5,0,1012074,6.0,5,8408.67153565656,11.488390864978216,4.985013864,23.68,Moderate
Ribhoi,1.874505797,0.159366599,1.715139198,14,1,389832,3.0,15,7307.42343856104,24.131401118050828,5.623517391,19.45,Low
Rohtak,1.003708527,0.003867208,0.999841319,52,5,1194736,7.0,57,11991.667107138719,14.045331673029102,7.025959689,25.14,Moderate
Rohtas,4.672962273,0.800130744,3.872831529,82,0,3605080,29.0,82,168464.0283114684,70.55170587074444,135.51590591700003,47.24,Critical
Rudraprayag,1.443384607,0.040330005,1.403054602,1324,79,248925,2.0,1403,3592.9451329747503,17.93392519778283,2.886769214,16.51,Low
Rupnagar,8.530840592,0.471251752,8.05958884,48,6,716979,6.0,54,61164.33556811569,115.01964504739871,51.185043552,31.9,High
Sabar Kantha,0.981927574,0.655214573,0.326713001,91,0,1581118,16.0,91,15525.433619477319,14.015684018401489,15.710841184,31.74,High
Sagar,0.895085498,0.240442317,0.654643181,46,8,2792584,5.0,54,24996.01440346832,13.285287034288116,4.47542749,27.29,Moderate
Saharanpur,2.705190205,0.020060771,2.685129434,215,9,4096003,23.0,224,110804.67195250615,41.187934122715106,62.219374715,41.54,Critical
Saharsa,8.841447371,0.644150281,8.19729709,167,9,2422652,23.0,176,214197.50156247892,129.97258109793955,203.35328953299998,47.18,Critical
Sahibganj,8.050315684,2.307096524,5.74321916,3,0,1863699,5.0,3,150033.65289955115,116.23105612145618,40.251578419999994,35.14,High
Sahibzada Ajit Singh Nag*,0.112972873,0.010724633,0.10224824,0,0,1662669,10.0,0,1878.3649377803702,1.6182161237244195,1.12972873,27.13,Moderate
Saiha,2.96841934,0.016731928,2.951687412,7,0,65651,4.0,7,1948.7969809034,32.92607345555523,11.87367736,14.25,Low
Salem,1.698807354,0.995995874,0.70281148,64,9,3947265,6.0,73,67056.42810186809,25.80239282304522,10.192844124,30.49,High
Samastipur,14.7707354,0.395790839,14.37494456,152,10,5463227,21.0,162,806958.804471358,229.14654780439128,310.1854434,56.42,Critical
Samba,0.669356657,0.039351707,0.63000495,33,0,433040,6.0,33,2898.5820674728,8.687304069244158,4.016139942000001,20.12,Low
Sambalpur,1.95082885,1.296871576,0.653957274,191,0,1271970,21.0,191,24813.957723344996,27.421002917002195,40.96740585,35.22,High
Sambhal,2.052578084,0.044450144,2.00812794,46,10,2818198,23.0,56,57845.71451172631,30.484086296604527,47.209295931999996,39.26,Critical
Sangareddy,1.457531752,1.462695895,0.005164143,6,1,1729145,7.0,7,25202.837413120396,20.934729989199305,10.202722264,27.66,Moderate
Sangli,0.816411266,0.371511861,0.444899405,107,13,3253446,4.0,120,26561.499677226362,12.242271122285253,3.265645064,27.26,Moderate
Sangrur,2.448919322,0.0,2.448919322,44,1,1835441,7.0,45,44948.46929291002,35.320263513672444,17.142435254,28.62,High
Sant Kabir Nagar,6.190358252,0.19440129,5.995956962,48,1,1990205,23.0,49,123200.8194492166,89.7834005052656,142.378239796,43.0,Critical
Saraikela-kharsawan,1.982457722,1.685259625,0.297198097,1,0,1170854,2.0,1,23211.68553634588,27.70136707324208,3.964915444,23.89,Moderate
Saran,13.6847545,1.299936265,12.38481824,177,2,4674827,22.0,179,639738.598249715,210.16639426160654,301.064599,55.36,Critical
Satara,0.886672906,0.88365251,0.003020396,108,67,3138971,3.0,175,27832.40538419726,13.264099915348167,2.660018718,26.78,Moderate
Satna,0.676054775,0.682682458,0.006627683,28,0,2619145,6.0,28,17706.85483667375,9.99098007964825,4.05632865,27.5,Moderate
Sawai Madhopur,1.752297609,0.2640657,1.488231909,121,254,1511281,22.0,375,26482.14082827129,24.93251195471784,38.550547398,35.9,High
Sehore,1.308962201,0.443833329,0.865128872,36,2,1581777,5.0,38,20704.863034111768,18.684205110995947,6.544811005,25.6,Moderate
Senapati,0.710207411,0.0,0.710207411,0,0,459428,7.0,0,3262.8917042090798,9.259499352700834,4.971451877,20.98,Low
Seoni,1.235483561,0.815741223,0.419742338,18,0,1600897,5.0,18,19778.819263542166,17.650211159362005,6.177417804999999,25.69,Moderate
Serchhip,1.328475491,0.0,1.328475491,8,1,61426,3.0,9,816.02935510166,14.647245692983867,3.9854264730000004,11.38,Low
Shahdara,0.1,0.0,0.1,2,4,1645700,3.0,6,1645.7,1.4313676991227453,0.30000000000000004,22.95,Low
Shahdol,0.76725114,0.771098824,0.003847684,2,2,1075359,6.0,4,8250.7041865926,10.655711232226405,4.6035068400000005,24.1,Moderate
Shahid Bhagat Singh Nagar,10.97305613,0.067246598,10.90580953,5,0,636289,6.0,5,69820.34911901571,146.6374448715707,65.83833677999999,34.28,High
Shahjahanpur,4.764711247,0.007833177,4.75687807,64,3,3533793,20.0,67,168375.03251669873,71.84175699229624,95.29422494,41.71,Critical
Shajapur,0.571010644,0.057503291,0.513507353,7,0,1036523,6.0,7,5918.656657508121,7.90928733578961,3.426063864,23.48,Low
Shamli,1.857718186,0.0,1.857718186,44,3,1373173,26.0,47,25509.68454624178,26.254453810779925,48.300672836000004,37.92,Critical
Sheikhpura,3.509671673,0.004092988,3.505578685,82,0,820089,28.0,82,28782.431326388974,47.791793601928966,98.270806844,39.07,Critical
Sheohar,9.002316572,0.0,9.002316572,136,1,851775,23.0,137,76679.48198115299,122.92734271736195,207.053281156,43.0,Critical
Sheopur,1.417634793,0.185883526,1.231751267,5,0,890783,7.0,5,12628.04973812919,19.42139430073247,9.923443551,24.54,Moderate
Shi Yomi,0.730870815,0.051292052,0.679578763,4,1,12507,5.0,5,91.41001283204999,6.895125691007737,3.6543540749999996,5.51,Low
Shimla,0.771392749,0.035574686,0.735818063,355,172,904737,4.0,527,6979.07561552013,10.579960632643218,3.085570996,22.0,Low
Shivamogga,1.276369106,1.203198506,0.0731706,74,12,1877441,9.0,86,23963.07690737746,18.437688793998024,11.487321954,28.85,High
Shivpuri,0.728096946,0.56739149,0.160705456,13,0,2047132,6.0,13,14905.10557258872,10.580669022869234,4.368581676,26.55,Moderate
Shrawasti,7.721578816,0.028878669,7.692700147,47,1,1390228,24.0,48,107347.55074210049,109.22157050601129,185.317891584,43.98,Critical
Shupiyan,1.082625131,0.002022763,1.080602368,32,1,391024,6.0,33,4233.32409224144,13.940451487196643,6.495750785999999,20.21,Low
Siang,2.518308001,0.498407734,2.019900267,4,1,48365,5.0,5,1217.9796646836498,27.163861127791783,12.591540004999999,13.23,Low
Siddharthnagar,13.40492833,0.022007889,13.38292044,0,0,3367475,1.0,0,451407.61028066755,201.47170360148087,13.40492833,40.93,Critical
Siddipet,0.469975702,0.091876715,0.378098987,2,0,1102022,7.0,2,5179.235630694439,6.538611275854193,3.289829914,24.2,Moderate
Sidhi,2.184368869,0.402325215,1.782043654,2,0,1292335,8.0,2,28229.363423191153,30.738355699839566,17.474950952,27.62,Moderate
Sikar,0.420855874,0.0,0.420855874,87,2,3026385,6.0,89,12736.7190423549,6.280381589822344,2.5251352440000003,27.53,Moderate
Simdega,1.054648305,0.125948542,0.928699763,1,0,677321,2.0,1,7143.35444590905,14.15960485762403,2.10929661,20.05,Low
Sindhudurg,1.40862314,0.632545644,0.776077496,190,103,808570,4.0,293,11389.704123098,19.161534057925433,5.63449256,22.53,Low
Singrauli,1.521857949,0.715195816,0.806662133,6,0,1558134,8.0,6,23712.58613507166,21.700172724910654,12.174863592,27.66,Moderate
Sipahijala,0.601362713,0.003254841,0.598107872,10,1,477873,4.0,11,2873.7500374944902,7.864081764452828,2.405450852,19.24,Low
Sirmaur,1.011405104,0.033540578,0.977864526,84,14,564300,5.0,98,5707.359001872001,13.394384781152873,5.05702552,21.0,Low
Sirohi,0.276456745,0.023800256,0.252656489,71,6,1264133,22.0,77,3494.78094427085,3.884189030159388,6.08204839,33.3,High
Sirsa,9.796778385,0.001758909,9.795019476,44,5,1511023,6.0,49,148031.57465637854,139.39148352290306,58.78067031,36.26,High
Sitamarhi,4.621194206,0.001510558,4.619683648,196,1,4182895,20.0,197,193299.70138306372,70.45710394956375,92.42388412,42.2,Critical
Sitapur,3.400453125,0.025174919,3.375278206,177,11,5391584,13.0,188,183338.286615,52.708213469382265,44.205890624999995,37.61,High
Sivaganga,1.984480953,0.051279472,1.933201481,16,4,1534446,10.0,20,30450.78860407038,28.266312878121344,19.84480953,29.12,High
Sivasagar,17.15000888,0.611686093,16.53832279,117,15,800874,12.0,132,137349.9621176112,233.12796243576992,205.80010656000002,46.47,Critical
Siwan,6.753345435,0.145588085,6.60775735,133,0,3880318,23.0,133,262051.2785164833,102.45789351780363,155.326945005,46.33,Critical
Solan,0.404819031,0.124151886,0.280667145,116,15,678073,5.0,131,2744.96854807263,5.435509867850002,2.024095155,21.02,Low
Solapur,1.684216461,0.761165008,0.923051453,161,11,4817374,3.0,172,81135.00589593415,25.916284553992522,5.052649383,29.42,High
Sonbhadra,2.644815378,2.70977361,0.064958232,50,0,2259539,24.0,50,59760.63494390742,38.69542579543273,63.475569072,40.6,Critical
Sonipat,0.905127272,0.0,0.905127272,22,5,1771137,6.0,27,16031.04401148264,13.022186295575727,5.430763632,26.0,Moderate
Sonitpur,7.745899654,2.549489328,5.196410326,144,8,1462078,9.0,152,113251.09474321011,109.95591121044077,69.713096886,36.24,High
South,0.006747594,0.0,0.006747594,2,4,1636592,3.0,6,110.43058359647999,0.0965454332453246,0.020242782,22.82,Low
South Andaman,1.443452407,0.0,1.443452407,1,0,257900,2.0,1,3722.663757653,17.985894874046767,2.886904814,16.64,Low
South District,1.694907072,0.18276756,1.512139512,19,4,164403,4.0,23,2786.47807358016,20.35597307338469,6.779628288,16.39,Low
South East,0.675204493,0.045915107,0.629289386,2,4,1758195,3.0,6,11871.411635701348,9.709304786110714,2.025613479,23.94,Moderate
South Garo Hills,1.298508569,0.025829871,1.272678698,20,0,190314,3.0,20,2471.2435980066602,15.785236149705156,3.895525707,15.85,Low
South Goa,2.764330826,0.971762276,1.79256855,2,4,857449,16.0,6,23702.72702422874,37.765508610661584,44.229293216,31.6,High
South Salmara Mancachar,28.02392571,10.81288284,17.21104287,39,1,533060,16.0,40,149384.338389726,369.5344457780367,448.38281136,63.97,Critical
South Tripura,0.931395601,0.0,0.931395601,12,2,415745,4.0,14,3872.2306413774495,12.050237739706356,3.725582404,19.09,Low
South Twenty Four Pargan*,17.30461094,7.77866316,9.52594778,30,0,12843801,17.0,30,2222569.7929578293,283.24830776765197,294.17838598,63.06,Critical
South West,3.339650881,0.0,3.339650881,13,4,1719303,3.0,17,57418.71778655942,47.94880413490521,10.018952642999999,27.1,Moderate
South West Garo Hills,3.341603843,0.001275329,3.340328514,13,0,161524,5.0,13,5397.492191367321,40.07390074732919,16.708019215,18.87,Low
South West Khasi Hills,1.814196952,0.045431517,1.768765435,5,0,136573,3.0,5,2477.7032032549605,21.452192957379467,5.442590856000001,15.17,Low
Sri Muktsar Sahib,2.388794655,0.000403704,2.388390951,6,0,1149045,7.0,6,27448.325543544746,33.33429787450868,16.721562585,26.68,Moderate
Sri Potti Sriramulu Nell*,4.296954395,3.608219113,0.688735282,175,0,3285473,6.0,175,141175.27647003834,64.4758930459551,25.78172637,33.83,High
Srikakulam,4.01307877,0.566374643,3.446704127,144,0,2726592,6.0,144,109420.28469651839,59.46806219219456,24.07847262,31.71,High
Srinagar,1.003599347,0.724666434,0.278932913,73,7,904040,6.0,80,9072.939536618798,13.76399370464715,6.021596082,23.69,Moderate
Subarnapur,3.493045358,1.212807104,2.280238254,26,0,663973,33.0,26,23192.87805487334,46.8277600301011,115.270496814,41.56,Critical
Sukma,1.578192343,0.11146237,1.466729973,0,0,259382,1.0,0,4093.5468631202602,19.673842037874284,1.578192343,16.28,Low
Sultanpur,4.349309327,0.002008734,4.347300593,139,2,2509152,20.0,141,109130.78196460706,64.08905536575791,86.98618654,39.84,Critical
Sundargarh,2.122434122,0.304650931,1.817783191,28,0,2361775,33.0,28,50127.1184848655,31.146560361494956,70.040326026,44.62,Critical
Supaul,7.982821848,0.634587242,7.348234606,162,10,2904278,22.0,172,231843.33871065747,118.79792576636062,175.622080656,46.26,Critical
Surajpur,1.420793586,0.200734056,1.22005953,0,0,917283,7.0,0,13032.69802946838,19.506320099584165,9.945555102,24.67,Moderate
Surat,5.928437334,0.593664003,5.334773331,215,9,8228098,11.0,224,487797.63371010736,94.39889634811605,65.212810674,41.4,Critical
Surendranagar,1.286502045,0.14688655,1.139615495,109,5,1806637,13.0,114,23242.42195072665,18.534606939036813,16.724526585,30.71,High
Surguja,0.479102379,0.278929567,0.200172812,12,2,971194,1.0,14,4653.01355870526,6.605040767752175,0.479102379,20.24,Low
Suryapet,1.862321095,0.526090291,1.336230804,1,0,1145777,11.0,1,21338.04677265815,25.982348634894727,20.485532045,28.56,High
Tamenglong,1.701837152,0.006002374,1.695834778,11,2,139509,5.0,13,2374.21599238368,20.159778359221054,8.50918576,16.28,Low
Tapi,3.084521179,2.984765412,0.099755767,45,3,952637,18.0,48,29384.290023990226,42.464573019970295,55.521381221999995,34.26,High
Tarn Taran,5.771552223,0.165720765,5.605831458,5,0,1251033,6.0,5,72204.02292196358,81.02959758680073,34.629313337999996,30.63,High
Tawang,1.104117118,0.227751689,0.876365429,92,8,60141,6.0,100,664.02707593638,12.150216758526687,6.624702708,12.86,Low
Tehri Garhwal,1.072103335,0.531062216,0.541041119,102,6,665938,2.0,108,7139.543507032299,14.37578360939998,2.14420667,20.14,Low
Tengnoupal,0.539127806,0.0,0.539127806,0,0,75461,7.0,0,406.83123368566,6.055151682358397,3.773894642,13.58,Low
Tenkasi,0.457961738,0.050554592,0.407407146,16,4,1653931,11.0,20,7574.37115292078,6.557401186099747,5.037579118,28.13,Moderate
Thane,3.51519111,2.261563329,1.253627781,418,204,9950177,3.0,622,349767.7373332647,56.64062938418513,10.54557333,35.06,High
Thanjavur,6.402076626,0.139785443,6.262291183,144,22,2499232,9.0,166,160002.74770151233,94.31215623807907,57.618689634000006,35.91,High
The Dangs,2.171927273,0.007193835,2.164733438,68,4,274863,24.0,72,5969.824460385991,27.201286036403356,52.126254552000006,30.73,High
The Nilgiris,0.41168295,0.339577292,0.072105658,156,23,708881,6.0,179,2918.3422127894996,5.545963954914148,2.4700977,21.86,Low
Theni,0.346368373,0.314606199,0.031762174,23,5,1406691,8.0,28,4872.33272983743,4.90345095169049,2.770946984,25.68,Moderate
Thiruvallur,2.527745598,2.390831933,0.136913665,44,6,4840586,6.0,50,122357.6995324043,38.90844178966377,15.166473588,32.79,High
Thiruvananthapuram,0.884604088,0.648894373,0.235709715,276,149,3288743,4.0,425,29092.355021813837,13.274383352016049,3.538416352,27.48,Moderate
Thiruvarur,2.20727188,0.026905003,2.180366877,41,5,1412221,5.0,46,31171.557016454797,31.256459527294012,11.0363594,26.11,Moderate
Thoothukkudi,0.991755053,1.009030229,0.017275176,34,4,1817973,6.0,38,18029.83908967569,14.29439690792423,5.950530318,26.55,Moderate
Thoubal,23.65742483,0.052982735,23.6044421,7,2,325077,5.0,9,76904.8469146191,300.25578783811676,118.28712415,46.55,Critical
Thrissur,5.136358427,0.761485485,4.374872942,124,43,3305535,5.0,167,169784.12552993448,77.10243722075754,25.681792135000002,33.33,High
Tikamgarh,0.397359874,0.123153605,0.274206269,9,0,1216750,6.0,9,4834.876266894999,5.567685260210383,2.384159244,23.92,Moderate
Tinsukia,6.140689939,1.259207522,4.881482417,105,45,1408250,13.0,150,86476.2660659675,86.93902272963422,79.828969207,36.04,High
Tirap,0.650808941,0.020888139,0.629920802,4,1,69112,5.0,5,449.78707530392,7.252288213897754,3.254044705,12.2,Low
Tiruchirappalli,2.799798931,0.030082563,2.769716368,85,53,3072981,6.0,138,86037.28918783311,41.823841553467474,16.798793586000002,30.52,High
Tirunelveli,0.61478851,0.622191008,0.007402498,3,0,1871307,1.0,3,11504.5804228257,8.878866778954322,0.61478851,23.13,Low
Tirupathur,0.890009742,0.007876167,0.882133575,16,4,1329320,11.0,20,11831.077502354401,12.549296534674397,9.790107162,27.78,Moderate
Tiruppur,0.635364224,0.084088984,0.55127524,20,4,3131866,8.0,24,19898.75610761984,9.503231566960563,5.082913792,29.14,High
Tiruvannamalai,1.068840485,0.111931507,0.956908978,48,10,2908761,5.0,58,31090.01517989085,15.907807449561096,5.344202425,27.62,Moderate
Tonk,0.845948588,0.871896612,0.025948024,137,252,1641156,21.0,389,13883.336008877279,12.106295832270655,17.764920348,34.74,High
Tuensang,0.650005813,0.0,0.650005813,0,0,197958,7.0,0,1286.73850729854,7.927350785666737,4.550040691,17.56,Low
Tumakuru,0.340404409,0.284595715,0.055808694,25,2,2774415,17.0,27,9444.23098395735,5.050223075112149,5.786874953,33.66,High
Udaipur,0.289382661,0.290943084,0.001560423,97,6,3607694,14.0,103,10440.040897937339,4.369267148399367,4.051357254,32.88,High
Udalguri,3.138974031,0.003282254,3.135691777,51,2,909069,10.0,53,28535.439833871387,43.06728048992748,31.38974031,28.43,High
Udham Singh Nagar,2.061876849,0.785339181,1.276537668,26,3,2171345,2.0,29,44770.459866919045,30.084551924917427,4.123753698,26.14,Moderate
Udhampur,0.487802833,0.013526323,0.47427651,121,8,695644,5.0,129,3393.37113959452,6.5622138310907925,2.439014165,21.18,Low
Udupi,0.74927375,0.741689148,0.007584602,58,21,1144919,10.0,79,8578.5775257625,10.453002191234201,7.4927375,26.67,Moderate
Ujjain,0.752619653,0.044407032,0.708212621,50,3,2261682,4.0,53,17021.86322036346,11.01204460494029,3.010478612,25.62,Moderate
Ukhrul,0.669906789,0.0,0.669906789,0,0,178796,7.0,0,1197.76654246044,8.101856968821284,4.689347523,17.18,Low
Umaria,0.907342834,0.911756287,0.004413453,3,0,849658,7.0,3,7709.31097650772,12.387580039120738,6.351399838000001,23.97,Moderate
Una,0.647137511,0.628882095,0.018255416,65,5,573625,6.0,70,3712.1425474737503,8.580870542191766,3.8828250660000005,21.41,Low
Unnao,3.590127624,0.07773585,3.512391774,97,4,3601532,18.0,101,129299.59521919969,54.19969054752055,64.622297232,39.19,Critical
Unokoti,23.62357053,0.001642557,23.62192797,10,1,370767,4.0,11,87588.4037469651,302.9328834208661,94.49428212,46.43,Critical
Upper Dibang Valley,1.084032399,0.372682252,0.711350147,5,1,10102,5.0,6,109.50895294698002,9.99541579207618,5.420161995,5.2,Low
Upper Siang,2.722491305,0.336009842,2.386481463,24,671,34326,4.0,695,934.5223653543001,28.432848398658564,10.88996522,11.47,Low
Upper Subansiri,1.234996868,0.078758779,1.156238089,5,1,119722,7.0,6,1478.56295030696,14.440739362575599,8.644978076000001,16.3,Low
Uttar Bastar Kanker,0.836672614,0.106473076,0.730199538,7,2,868469,1.0,9,7266.242284079661,11.441069889273022,0.836672614,20.17,Low
Uttar Dinajpur,6.673772935,0.007231452,6.666541483,46,3,3289303,10.0,49,219520.61336414304,100.14788165635044,66.73772935,37.88,Critical
Uttara Kannada,4.074727101,1.655079328,2.419647773,102,19,1597345,7.0,121,65087.449611468444,58.202807244852,28.523089706999997,30.61,High
Uttarkashi,0.450692495,0.082932117,0.367760378,1373,25,410687,5.0,1398,1850.9354869406502,5.825465992310308,2.253462475,19.07,Low
Vadodara,3.328415211,0.284762754,3.043652457,105,3,3437852,13.0,108,114425.98889966772,50.09383952161756,43.269397743,35.82,High
Vaishali,17.98113124,1.112916504,16.86821474,111,2,4598311,23.0,113,826828.3357333564,275.8521276588186,413.56601852,61.08,Critical
Valsad,2.551668353,0.812747791,1.738920562,126,2,2077846,17.0,128,53019.738806076384,37.1187184584346,43.378362001,35.39,High
Varanasi,4.599652222,0.883647796,3.716004426,363,5,4311285,18.0,368,198304.11629925267,70.26772233339962,82.793739996,41.42,Critical
Vellore,0.459638695,0.021681234,0.437957461,38,23,1718125,6.0,61,7897.1673284687495,6.598915407517366,2.75783217,25.34,Moderate
Vidisha,0.912677122,0.277215122,0.635462,35,6,1710603,4.0,41,15612.282229245659,13.099067955960454,3.650708488,24.78,Moderate
Vijayapura,0.883343513,0.871904394,0.011439119,45,1,2612195,8.0,46,23074.655079410353,13.052020339334932,7.066748104,28.99,High
Vikarabad,0.271652781,0.187043402,0.084609379,10,1,1308948,9.0,11,3555.79364384388,3.8261574549707715,2.4448750290000003,25.85,Moderate
Viluppuram,2.829205267,0.250109562,2.579095705,75,10,2449240,6.0,85,69294.02708147079,41.62125558362152,16.975231602,29.73,High
Virudhunagar,1.881503151,0.022872843,1.858630308,26,5,2112777,6.0,31,39751.96582860327,27.401297908088292,11.289018905999999,27.9,Moderate
Visakhapatnam,1.175590784,0.439675977,0.735914807,106,115,4885485,10.0,221,57433.311413702395,18.106189833716876,11.755907839999999,32.87,High
Vizianagaram,1.110588388,0.320586402,0.790001986,63,107,2443656,9.0,170,27138.95977866528,16.335651535522405,9.995295492,29.4,High
Wanaparthy,5.911067913,0.984745694,4.926322219,1,0,680558,10.0,1,40228.24556735454,79.3896012946551,59.11067913,31.01,High
Warangal Rural,0.420854233,0.3791028,0.041751433,134,2,811309,6.0,136,3414.4282692099705,5.726313352358712,2.525125398,22.43,Low
Warangal Urban,0.487587909,0.354480511,0.133107398,127,1,1152989,7.0,128,5621.8349561000105,6.805688221333029,3.4131153629999997,24.49,Moderate
Wardha,1.65012412,1.005544539,0.644579581,134,20,1365264,5.0,154,22528.550565676804,23.311070952224412,8.250620600000001,25.62,Moderate
Washim,0.392447344,0.392373985,7.34e-05,62,6,1362768,4.0,68,5348.14682088192,5.543330200222438,1.569789376,23.28,Low
Wayanad,0.815062099,0.354881107,0.460180992,151,95,847406,4.0,246,6906.885130651941,11.125545795226408,3.260248396,21.9,Low
West,5.312905892,0.0,5.312905892,2,6,3053772,3.0,8,162244.03251624622,79.33171803569533,15.938717676,31.8,High
West District,0.75096604,0.065150406,0.685815634,23,12,133590,3.0,35,1003.215532836,8.863305353385766,2.2528981200000002,13.78,Low
West Garo Hills,1.111942423,0.032280391,1.079662032,28,0,701102,3.0,28,7795.850566501459,14.967201008020135,3.3358272689999997,20.81,Low
West Godavari,5.603589524,2.064339191,3.539250333,232,0,4167944,8.0,232,233554.47335018657,85.41514340891167,44.828716192,37.03,High
West Jaintia Hills,1.733990094,0.091584225,1.642405869,4,0,372716,3.0,4,6462.85851875304,22.244621445640018,5.201970282,19.08,Low
West Kameng,1.93207052,0.043990415,1.888080105,22,6,99039,4.0,28,1913.5033223028,22.225146409099672,7.72828208,14.62,Low
West Karbi Anglong,3.225931636,0.096610327,3.129321309,38,1,363939,26.0,39,11740.42333674204,41.307229721380516,83.87422253599999,34.34,High
West Khasi Hills,1.198133343,0.006185816,1.191947527,18,5,341864,3.0,23,4095.9865717135203,15.266820178460195,3.594400029,18.05,Low
West Nimar,1.727264926,0.465974584,1.261290342,52,18,2194354,4.0,70,37902.306994278035,25.220483865176053,6.909059704,26.84,Moderate
West Siang,0.744207577,0.123427923,0.620779654,52,668,48422,7.0,720,360.36019293494,8.028310543381306,5.209453039,12.11,Low
West Tripura,0.612502471,0.0,0.612502471,66,110,1081396,4.0,176,6623.57722129516,8.509964954060093,2.450009884,22.5,Low
Wokha,2.044958036,0.491956258,1.553001778,0,0,164833,4.0,0,3370.76567947988,24.565455509380794,8.179832144,16.94,Low
Y.S.R.,1.141752714,1.095797136,0.045955578,144,1,3162142,9.0,145,36103.84210553388,17.088339443806763,10.275774425999998,30.73,High
Yadadri Bhuvanagiri,0.630428715,0.084363209,0.546065506,3,0,769265,10.0,3,4849.66745444475,8.54432147499015,6.3042871499999995,24.72,Moderate
Yadgir,1.651730783,0.57450138,1.077229403,64,5,1373369,13.0,69,22684.358537179272,23.343544688827496,21.472500179,30.21,High
Yamunanagar,5.773638579,0.042011596,5.731626983,11,5,1366309,5.0,16,78885.74353234911,81.56779630320754,28.868192895,30.35,High
Yanam,32.6562,29.67097127,2.98522873,0,0,47877,7.0,0,15634.808873999998,351.9166455591743,228.59339999999997,61.12,Critical
Yavatmal,0.98190471,0.983855741,0.001951031,211,22,3117757,4.0,233,30613.4028293547,14.682052631312743,3.92761884,27.5,Moderate
Zunheboto,0.640526895,0.0,0.640526895,4,0,135618,19.0,4,868.6697644611,7.569493684968257,12.170011005000001,23.1,Low
